,PC1,PC2
0,-1.0590084045957582,-0.7445042067258034
1,-0.5567524994803408,-2.114436556590625
2,-0.6659402003063734,-0.2285773022678173
3,0.7888269944951297,-1.2246588390206237
4,3.8555191430181237,-2.348343652751987
5,-3.1489819606457656,-0.23127142262764605
6,-1.297559300173164,-0.2994187596161751
7,-1.245170910710694,-2.96444088180458
8,3.79692327885865,2.001826647009602
9,-2.2780682481883368,-1.2924679671656467
10,-0.8471648484795553,1.6564491278891889
11,0.6266184849659117,2.78018632094512
12,-0.5524455152818741,-0.3910272039260458
13,-3.4000275388175276,1.0882389659777385
14,-2.0138828832588453,-0.549673227882426
15,-0.5123351596232568,-3.9823326751521786
16,-1.747990521078907,-1.5072203918454894
17,-1.4262516260034788,5.478162942140539
18,1.4824365750327615,-1.0984547376432348
19,0.04661253207183509,-3.420136760757311
20,-0.2984362788764007,1.6162534099388333
21,-3.257580184273543,-0.22625620296261698
22,1.0355191483929267,-1.4638181730720488
23,-2.0228068660770386,-0.2390369716644276
24,3.5718585749435046,-2.351273303722335
25,0.8187776199142663,-1.7317736813614908
26,6.442753127010885,0.9730097129209283
27,-1.2779436871478975,1.056484065318719
28,-1.803787186155181,2.197599891977602
29,-1.4691885330661125,-2.422127439109667
30,0.5463234563356475,-1.7877772796319804
31,1.8037470360899637,0.8709489681090365
32,-1.7818832324034921,-0.7525250435134605
33,-2.1099723519468823,-0.28353622311029336
34,-0.48955202896803285,-0.7570485749719535
35,-2.3010834527573714,1.1753038572131025
36,1.208530286474311,-1.8591109759918747
37,0.34529365434983095,0.499033624294675
38,0.17534587921638564,-1.5478415861597605
39,1.0881173135179862,-1.289601701780222
40,3.786428627498833,0.2695066364169322
41,1.2787792747654025,-1.3770557368113407
42,4.965229936390984,0.8659776391309779
43,1.9205166334986228,-1.015939226708153
44,2.363608323804884,-0.2591838301513782
45,-1.2619667884465913,-0.12373681232862217
46,-0.08839138303357566,-0.6197012163581649
47,1.109091347733136,-2.3926348844754433
48,-1.7128754170372398,-0.004754760870952193
49,-0.14554914027652474,-1.75846892750286
50,3.182175786933729,-1.538731567407882
51,-1.5107061603247847,-1.9559232157048365
52,-2.2468942904637257,-0.02774911483007974
53,1.6456338815156157,0.31050897156248947
54,0.0704125344173891,-2.748616650445154
55,-3.448968075577911,6.284133862889978
56,-2.989120019209384,2.873425602089626
57,-2.06575137502549,-0.09625831829839475
58,-1.7521151332014557,0.7395497815603039
59,-1.7922174297952356,2.4465510533445713
60,0.03864851096866851,-3.2550449530839076
61,1.24172953212843,-1.2866891370331222
62,0.04985965542555135,-3.0506219871439617
63,4.981152985488271,6.587555955533426
64,1.047565158842809,-0.858587587971269
65,-3.88427196071306,0.3956065541077449
66,-3.0440005724950923,1.2186873804832106
67,-2.6081721917659824,-0.6808491743133411
68,-0.5551923602257978,-3.8148911438584943
69,-0.17061625708988312,-3.075919306297633
70,0.20383778030224792,-2.963652852659318
71,-0.17805010014742453,-2.3091797949563477
72,0.1470585917859388,0.6222192135694344
73,-2.29085460247439,-0.23548460321704018
74,1.8581560601852387,-0.6469291526050499
75,1.3244289732066226,-0.0012691446243447498
76,0.4722974880361483,-0.3582693365444057
77,-2.691675242835047,1.9968950549889617
78,0.4249704696736843,-1.7385216288256669
79,1.9527436058540297,-2.519301571776756
80,0.3126452539480131,-1.7797583889891309
81,-0.6292447697310152,-0.33095037388937165
82,-0.5662288609325453,2.1830744547913454
83,-0.6701494756236949,-2.666863061355398
84,-1.9182591811125633,0.6127628564641291
85,-1.395438437260867,-2.6581866290616754
86,-3.058275580421729,-0.645263207277138
87,-2.1156938789127615,-1.505704774247735
88,2.814751684448448,1.7611789038202708
89,2.0177343042585836,-0.5364367118429723
90,-0.8452837568044886,0.8745836100103781
91,-0.8725050262228088,-2.2853044111141196
92,-0.10913912933300786,2.1393079447838534
93,0.3468620261349755,-0.9392261193808732
94,1.583959656877716,-2.042903063675368
95,1.6068688834824711,-0.5847180485666524
96,2.1806560706661493,16.80204827720289
97,1.0825302791196456,1.8759782862138055
98,-19.30352615689895,9.970326490357843
99,2.2667772129524932,-0.3553565883567252
100,-0.2013736853578182,-3.3525178017888737
101,-0.774405508097641,1.2641584227534015
102,-0.13665485598589383,0.3939352001466267
103,-1.608953313291467,-1.7883175636402233
104,-2.7007330751819048,-0.19442965025833894
105,-1.5931275448360744,-3.047981039915336
106,-0.5887410410112388,-3.3216988749193264
107,0.6850961066718926,6.663091584554371
108,-0.8455266832680761,-1.6156038368721273
109,0.7492930834413728,-1.6150400678327113
110,-1.4594104653490607,2.803045934705309
111,-0.5362588677881671,2.3114470302271277
112,1.7588180840966603,-0.5464405984969771
113,-2.550759496077553,-0.50504902965512
114,-2.168448601797092,-1.9998800699297996
115,0.975630538188823,-2.261592576224943
116,-1.7621890361186558,0.5893474947352477
117,-0.6800706177966053,1.3806828848348063
118,2.6131683405785395,-2.6464472797423375
119,-2.0496348589207267,-2.2788681987898713
120,0.33960770491897163,0.9233612140294315
121,-2.5031619701701255,-1.6933052204495747
122,0.9155910169637627,-0.972278491524182
123,1.749158389785545,-0.9803186410257559
124,1.7724952443643676,-0.9614626450127502
125,2.561731675609589,-2.945776101518388
126,1.0752183543553244,-3.542744489071805
127,2.0757257856694222,-1.1361886759853483
128,-2.924396723838203,0.07767422706735708
129,-1.4250756522143353,-3.5070252553785277
130,-0.7220860170553055,4.591041899704303
131,0.6101056144622108,-0.5476548447579086
132,-0.24923651426419802,-1.230841228340132
133,-3.534358172227129,4.606111003988068
134,2.2805605646666365,-0.6359455173510677
135,2.8584613506385486,1.1432996047934485
136,-2.108100987462674,-0.3145377200464087
137,-0.2399545489536058,0.43187340151383063
138,-1.5792645205298463,1.1766495713616851
139,-2.6320105008168424,-0.8734030797106183
140,-2.8061593660515385,-0.3099771651559378
141,-3.18067044386401,3.2524272794806945
142,-1.6981737481582804,5.4758214038037964
143,1.5576145125307965,-1.5762854905919468
144,-0.06500008937207359,-3.005645653854199
145,-5.139453055348486,2.1826438128526098
146,0.6991522981569237,-1.717710596614887
147,-0.9120615115592063,21.32824709537009
148,-2.310032760276294,-0.346516147517036
149,-2.2749790404793924,-0.2713492711772084
150,0.5321423941693099,-1.4604728927216326
151,-2.006915732334156,-2.2391601766912554
152,2.7112020397037875,-2.7152242746581696
153,2.5767527988355177,1.82661435394947
154,4.597431193528232,1.0118283941903927
155,0.474636678989379,-1.470613325043366
156,0.5668873171185679,0.22876598563354403
157,0.19668425851340457,-1.1106050301207737
158,0.2781409641360365,-2.1062549846962573
159,0.09533718141087452,1.5263503523026332
160,2.4127163218787544,-1.2458089905792762
161,5.737422897329656,0.5709806984044956
162,-8.852906001756102e-05,0.06759995355223875
163,-2.355597273706308,-0.3683103011191013
164,-3.196153121334924,2.820200708883631
165,-1.1991909573378,3.397832452550414
166,-2.1621754832986695,6.8511206766296375
167,-0.06178054918390601,0.6496807438578284
168,-4.982246788046522,-0.17910528024397968
169,2.6308831397838883,-0.8182017293853251
170,4.26788651859456,-0.22468274814690342
171,0.4527264145824695,-1.4423947146527636
172,0.07891007101743562,1.2406199495352186
173,-2.9731267503922645,-2.021935684080278
174,1.3870599539474975,-1.346574079665742
175,0.15228946892063505,-2.596897934344048
176,-2.448321449468354,1.0419512441040246
177,1.2566220824709253,-1.2723770062652457
178,-2.0361695028114255,-0.1098512893349402
179,0.17773126344913423,-1.1818098198380724
180,0.09319143258642609,0.933065688323294
181,-2.2787536139936315,-1.921358480489252
182,-1.1028855534357682,-0.016774204295608403
183,-2.7806221650159766,-1.0361586326810066
184,-1.1436678253714734,2.3396967967275892
185,-1.581610421745804,-2.551735791288349
186,-0.061548938205552454,1.8244378288610437
187,-2.25435683924638,-1.4368270710640925
188,0.07162892506447183,-1.009785373003886
189,3.03172784743941,4.924525264465218
190,-0.846262086901479,-0.902721729029492
191,3.193029585592091,-0.2503305826096522
192,-1.77948430105158,-1.6399080699134674
193,-1.3943908420723743,-2.111755462640297
194,2.2242069559402675,-0.9417438491174415
195,3.9941872788551844,0.948879861938036
196,-4.284409887635985,1.9185598965202217
197,0.26758084648967856,1.596021747255947
198,3.561199135012428,-0.4843320440294069
199,-1.583653227088638,0.30338511456965117
200,3.541017705312443,-2.901915791111851
201,0.48911776495417497,-0.021163119907002603
202,-0.5539777464717054,-4.681186691829761
203,-0.3161501815154602,-0.003991739317703966
204,2.6957568209676057,3.892835588814199
205,0.8758855730550068,-0.6167099439158313
206,-2.6749604585239637,2.075987836534385
207,6.026546260648791,-0.07843254297720931
208,1.9262575040054528,-1.7198515405193227
209,-0.20586010051698028,-4.056405836003025
210,1.91805626471604,-1.0414984631193769
211,0.6022294947626644,-1.0451010362580633
212,-0.6470893306948263,-0.6932246202154819
213,-2.234379458299196,-0.3578228421043847
214,1.3906940176195874,-2.256765721151815
215,2.2559432599984692,-1.1032555430291109
216,-0.3294155387801875,1.6094763991374854
217,-0.3411196823750098,-2.2877106387642065
218,-2.811423747487052,0.2725690471568859
219,-1.089367226132023,-0.5186183320954767
220,-0.5616636063137176,0.6602726749395169
221,-0.9982150674776801,6.107596291452756
222,-2.3172002042307325,0.6297910933661532
223,-1.6783419991517992,2.125324691056187
224,-2.155699060496867,-1.5509380816630265
225,1.844265565867877,-0.6600039548078427
226,-1.216403063860399,1.1343748794916677
227,0.11883725914106895,3.205042210168368
228,0.16181809576095432,-0.24437928621413718
229,0.7612187240074627,-2.714901119010264
230,0.4990136023732075,-3.4604073689155954
231,-2.185142820324495,-2.235931485160825
232,-1.5184257569994406,0.5078480591689954
233,0.8558007193401694,-1.333814668704906
234,-2.1683060668862373,3.6715995502002747
235,1.1390902896935537,-2.2755589472457305
236,-2.985547048566772,-1.7302220016405405
237,0.001408346796455515,0.03280724696729511
238,2.325125607789385,3.459905195444733
239,1.4035929558712963,-1.14197147744229
240,3.6751121820685206,-1.9160129366119187
241,5.138937793725914,0.9614123448180756
242,-0.3850046123693441,-2.302986561576278
243,-1.9090106964113265,1.2450752738358764
244,0.16678831720745943,-1.9600387076679522
245,-2.9793258152977655,-1.6166359522555191
246,-1.9717897523680994,-0.10399509980921039
247,5.6091449692005,1.623037936890189
248,-0.8388042032019176,0.029363495639075143
249,-0.4330535764836703,-1.389934603838553
250,-2.029574708705042,-0.027729340403971504
251,-1.8724124619114244,0.3177565301699955
252,3.4754268876557433,-4.008185272059331
253,1.0652715168365128,0.2764130633824493
254,0.33920044071677674,-2.0852592539870654
255,0.23148279694652252,-3.3522122565531456
256,0.9065068830950933,-1.4841700387755614
257,-1.012106258231767,-1.7589913796158507
258,-3.4811375366785335,3.386360660788383
259,2.3461004599769604,-0.2071626704874825
260,-1.6448795663868327,2.389915308633411
261,-1.955963559749814,-0.2143592740408359
262,0.537420256346075,-1.4297875747506275
263,0.7743940796872533,-1.6190990112821346
264,-1.2436140728200524,-0.9034906737370242
265,0.937089304425855,-1.4480608941124127
266,1.3057695408315668,-1.8843811782004187
267,0.4430698742369023,0.11912153470265495
268,-4.210701459933749,5.874967630599415
269,7.157638834922244,0.32938363274738336
270,-1.2087410995561454,1.1862671617658225
271,2.533103455106164,-1.4374506161917269
272,1.4767838496246333,-0.850356917900174
273,-0.5885546439293012,-3.012331606656962
274,-1.4198652332307524,2.031496636544527
275,-2.890332820217691,4.3589652893435185
276,3.622097871836325,2.1713204644581054
277,-0.08243990295915163,-3.641181059402885
278,3.6879490940412167,-2.318162219462087
279,2.7357220120208714,-1.1011804268137497
280,-3.3954293868114735,0.18739535409109193
281,-0.5493128959279597,-0.9831124738711262
282,-4.219551261956522,4.981577330271508
283,0.704552195220441,1.1096648798472837
284,0.16835538453116733,-1.0013362179638112
285,1.837498422478248,-0.9866035496281983
286,-1.1781443611939506,7.064348936466943
287,0.46939742894837977,-1.5223198230012167
288,-2.036566801521786,-1.4044958238041139
289,1.6330196738334806,-1.0828679553838088
290,-1.5067449876963266,-3.3559370117709144
291,3.558709841110794,2.3452989556694672
292,-3.897607165538362,10.622471077555481
293,0.5962166345110601,-1.3141201765403037
294,4.4479109199481925,0.18718731362480523
295,-0.7894720549069658,-4.2388407341028955
296,0.8651336387319327,3.342814214570596
297,-0.41817076817324067,-2.001781941646431
298,-2.051415955769391,5.436186137172431
299,3.553249975881142,-1.6846260534848205
300,-0.8763094198001409,0.6663570329133705
301,-2.20199214154277,0.028463278618340398
302,1.3194665854476726,-0.8843218248161324
303,2.6941876331201917,-0.6935550280841299
304,-2.6914459634331283,0.6563181863228383
305,-0.5128123259168895,-1.8114734779820534
306,0.10337907589387062,-1.2354593513062835
307,-0.6059486790292729,-0.6242362893981479
308,0.21042947383583574,-3.1377242208871485
309,-0.4850081561472785,-0.050280314623271975
310,3.578467553133237,-0.293556240020404
311,-1.2359179321036784,-0.23526796867005434
312,3.6869559293996303,-0.7944752343954555
313,3.1393796621345786,0.3082719054641253
314,-0.802097730290104,4.224318298099908
315,1.4590873168200227,0.055004624646611634
316,1.341966668106482,-1.0622123852901932
317,2.079475403835625,-0.0555395420562487
318,0.8348549528742336,-1.198630808133831
319,-0.059046761714508525,-3.712392121344866
320,0.3879453811961076,-1.4053574716760837
321,-0.41284141200485885,-0.5411138311125601
322,0.6914682247506123,-0.6396642457697664
323,-0.07489770607511408,6.696952143186858
324,7.464595052294155,2.2903133119941623
325,-0.12445021649007738,0.014614820899514802
326,0.622655676473401,-0.991672958051609
327,0.6199626412792907,1.057672730623047
328,-2.2708514399529207,-1.1313424228076985
329,3.355293699312179,1.1519556419334638
330,4.1811315317572815,-0.5816462702213006
331,3.226613333763093,-1.544553175936177
332,3.6251048045365044,2.401493986237289
333,1.485330761480461,-1.3833415569858907
334,0.34075353496503236,1.1342541633514698
335,-1.7048221265137213,-0.6045355357890799
336,5.416367522079835,1.9555686643452541
337,0.3799335554693833,0.6316893038902157
338,1.1291358903649635,-1.3765883296671868
339,-1.9366822716338374,3.9011767047669044
340,-1.783359208854988,1.2798109139358214
341,-1.6177704201861176,-0.9534604636074041
342,-0.8851847456196221,-2.7739727936567093
343,-2.7935489597795726,-1.1585191426575834
344,1.0446991735814803,-1.330058841348549
345,0.560576046824609,-2.8736208829151577
346,3.922707596729656,3.7560744517511804
347,0.9749976849484026,-1.5367118105764834
348,1.4882980436918538,-1.0629874337921685
349,0.42664569578490036,-0.05554204819877136
350,-2.8491334251795166,-1.3258837969623893
351,-1.5958802161575485,-0.05966910140291703
352,1.72005990977545,-1.3704346218148873
353,-0.5608969034437465,-0.8437780367118546
354,-1.7107656973194068,0.1356834493742459
355,1.6360659974768748,-1.0250555349272217
356,-1.9023276204502162,-0.07537043895579568
357,-0.6658401321446865,1.9158549031406358
358,0.36997353768495594,-2.238290617023484
359,4.358872003316227,3.1922817035493143
360,2.439886823209199,-0.3660781502832774
361,2.5574663043357195,-0.8032527149419256
362,0.9094860569412564,1.9108924542730783
363,2.5847161129831018,5.310284087081224
364,-1.9849737794660385,2.639342188820067
365,1.2576558063493601,-1.2229618696743132
366,-1.9254692634923098,-0.002089239210288526
367,1.0412475625850608,0.12747032772216535
368,-2.1071783996846114,-0.20983353460900966
369,-2.1698661289238705,1.773045427647965
370,2.9056557407318575,1.055067208529779
371,-2.039668382553883,-0.10132950740336055
372,-1.7750616269498127,-0.3494394909273567
373,-1.8121264587362191,1.1578660312636788
374,-0.030867745348635706,-0.1470593762043854
375,-0.6333864269946282,0.9577142797151271
376,-0.028267768891087407,-0.9818979782441409
377,2.197123114395584,-0.34744987900236635
378,1.1086492575753324,-1.9293904807856745
379,0.6906003529270317,-1.2282445809025426
380,-0.477199814156445,0.34173195529154193
381,0.9479964352419924,-1.5602250081102782
382,-0.45446446332160834,2.3068647851554136
383,4.4352118715308055,2.1529654163405705
384,0.4093039034811188,4.384504277193363
385,-1.2548740287423361,0.33923782121597856
386,-0.8647565647600819,0.6148462011647305
387,-1.7743721859730677,0.4728950143809816
388,1.4424445881867907,-1.4946500813657735
389,3.829164274950419,-1.4799928036411405
390,0.8388095432678877,-1.2424184366802689
391,-1.9794302800896022,1.8441528357306123
392,0.06225940430834999,-1.1052694437405954
393,1.0500971446339893,0.600078552606893
394,-4.297756804696407,1.7855225563652204
395,-0.5920396555290307,0.8571531055584635
396,-2.3713664906382856,-1.6102248538885628
397,2.2108415792667953,-0.6250563483216763
398,1.7472205018731193,-1.1780311237215948
399,1.8517250260227227,-1.3283610733308997
400,0.837434164712851,-1.1780842315644975
401,-1.8291842853699967,-0.5106057855185501
402,-0.01206217570942108,1.0048250988982574
403,0.46703722671554654,-1.6532169382182282
404,-2.862685189814971,2.3097862244763103
405,-0.16515297443271792,-2.564754748416362
406,0.34934308411406806,-0.7149791416516806
407,0.3745763724781748,-1.6038209380850117
408,1.046013361484484,4.75331050994044
409,2.0532784792413494,1.5007642700586827
410,-2.9018392355679357,1.0400321370317993
411,1.3336483773955832,2.124033170652544
412,0.7086611179410507,0.009873587721306271
413,0.6695972730286731,-1.7557452385005499
414,2.7589232533595776,5.314350754350281
415,1.965775050476878,0.6505010331807634
416,-1.3591234587662564,-1.9916446181444225
417,-2.153965594130758,0.2673882323263464
418,0.40147351146363497,0.42760489212656927
419,-2.2213280148901577,1.006419845277304
420,-1.5749256973468642,-0.1708713154022767
421,2.961207838802247,0.021164610535858656
422,0.36276588075409405,-4.306906733158369
423,-3.1492873905137246,-2.4091866143422753
424,2.4083044186439397,-1.1310261014641947
425,4.1792092059214605,-0.19491222985226447
426,1.3102694403016415,-1.2497956153444758
427,-4.020274817407235,2.713411478355801
428,-2.7670610526775135,0.6996771142090951
429,-2.6263450278793004,-0.5366310258006635
430,1.7351761869880395,0.09856533186763153
431,-0.6101100128099283,-0.21321934783182375
432,2.047869835670999,-1.2641045355843947
433,-2.706538538598114,-0.32416389300225995
434,-3.696742313449993,0.16367298501731023
435,1.3138700427007963,-2.550614806718895
436,-0.408071459125487,-2.122025198225878
437,-0.9677965947841412,-0.2008114390907435
438,-5.111387434190183,4.55288031591436
439,0.8882746631531621,-1.4909247199871591
440,-4.617446527144893,9.187829219702756
441,-1.0402121835432088,2.381609504831687
442,-0.7067011424069147,-0.8130183050092621
443,-1.8660362178100025,2.293202444371244
444,0.8987982028848178,-2.0330800377463443
445,0.35559855423939374,-1.6085155249570529
446,-3.1970656286093786,2.4201684012990206
447,0.13252776412320655,-2.9185572371705866
448,-2.8241649300596205,1.2018351541993701
449,0.28724806564017685,1.0098385452804897
450,-2.1653962115028316,0.02096991813367413
451,-2.825191394184502,-0.5514502700631634
452,-0.2641312920587229,1.6534318896517373
453,-0.4038757978594108,0.7966209162489454
454,3.0297127583293912,-0.6454923998285949
455,-2.4837075260574766,3.6282598845829064
456,0.030813666357394354,-0.6177370759579087
457,-0.906253810372331,-1.8029891584566924
458,-0.2146382929538672,3.3892827423917398
459,0.050986467939491374,-2.4355188681504183
460,1.878345042215739,1.0098802859117506
461,1.5510916905157037,5.722145820351214
462,-2.073346433574632,2.7756899990384145
463,-2.0174605142007884,-0.28811739935045133
464,-0.03884929020888177,-3.877695471902773
465,1.1155971046502193,-1.4812524390839814
466,-2.372339155751777,-0.3293165146684318
467,-0.9358869586765264,2.38975089983801
468,2.5450779121595626,-0.508974035734832
469,2.2836571888232253,-2.4928082953016113
470,-3.7224165017905553,4.154046700343175
471,-2.274154636317751,1.722855604812992
472,0.6317384965884381,-1.7965150179146077
473,1.019171522361147,1.6272840232176025
474,-0.08817836550463296,-1.1640191934836792
475,-0.5083416785398566,-3.1314770668296266
476,-2.938721566768321,-0.14910207144371046
477,-2.951811962855681,-1.0288465814197683
478,2.0937771467896042,-0.3110221317231292
479,0.09429889416144878,-3.1989893948096806
480,0.9407899746496715,-1.543205257343357
481,1.0039821619056766,2.9050385169708095
482,-2.067125204488487,-2.1511451917350475
483,-0.11142432409524768,-0.6930350046982676
484,0.1970033412998895,3.157944456706293
485,2.8548756128586565,0.6513741522587375
486,-1.1018946425230984,-2.4494337946732334
487,-1.0784322235534054,-1.7738025641936366
488,1.581104463912293,-1.1963025985088256
489,1.4816168980576214,-1.023692447833405
490,-2.3430605180126003,-0.30194901610090846
491,-0.7203363280109357,-1.6219444022375478
492,-2.1201491702557482,-1.0078372900856998
493,-0.7806530708312565,1.7463394220360158
494,-0.04487317649000801,-2.399224066622261
495,1.7048887934487553,-0.45348469612598874
496,2.3892959610296196,3.3861211672895686
497,-0.9480850701700065,2.2045270749543815
498,-0.7270156935203548,1.375370527969179
499,0.42581562000691203,-1.2224127525828465
500,-0.858597357579618,-1.7303952419464923
501,0.6646124447458788,2.0463896799855634
502,0.8108353930946623,-3.017262456164795
503,-2.847948395687409,-0.45618667913000627
504,1.1383457087381095,-1.3557854619757115
505,3.1834849838246604,-0.8344398914164292
506,0.9295908297683306,1.4229503072656242
507,-0.4377574750937444,-3.09847227297652
508,-1.551251855124903,1.2570349115997745
509,1.1691180732230384,1.1515484532555451
510,0.7838895019754945,-1.6127038102096747
511,3.9085425870270316,-0.3107383574415717
512,2.5724220484530065,-0.2878416517717464
513,0.12400147335626158,0.3119921230927141
514,-0.31331146181867453,0.4336759954294233
515,1.3881710680379147,-1.0198710213318618
516,1.610075998016035,-3.6537886674185516
517,6.784310259266336,2.2141074566428096
518,-1.8856519007161137,2.0764830052937855
519,0.7936712061281421,-1.6062732069498777
520,3.9511984219360845,2.2164140609020095
521,0.09024445834763536,-2.1678081276092453
522,4.480817942219931,2.4495581961728217
523,1.691624205226231,-1.0067208555261553
524,-2.135043820151877,4.178398045422741
525,-0.9346413912751607,0.01608534430905724
526,1.2391953600654844,-1.306677276698706
527,-0.32356551424453245,2.0430028056883396
528,0.3873997275359292,-1.5435689016551948
529,1.8961542300387562,-0.2902871968279814
530,3.212699528371038,8.373090811468575
531,-0.707171259264032,-0.621433864367772
532,-1.4249436896535939,3.6836806448236112
533,-1.5479380719878406,-1.4110294731711048
534,-3.0175734541786015,1.9257001461866752
535,-2.587989536117217,0.19611060452141985
536,0.4130369456446638,-0.8844094313949056
537,-2.5703909054597562,0.24615009787818573
538,-0.9634125974125266,1.0262667124093101
539,-1.8023156775987657,-0.4110326157939913
540,-1.353494973534527,-3.1028612435146807
541,-5.02749190864004,9.822014586540885
542,-2.131145052927107,-2.166755870191547
543,-0.6162453493982415,3.2519608420615755
544,-0.553253792549106,-0.30494006454035044
545,0.7332269997758218,-0.3480318617037574
546,-1.684112819371438,2.2951909204869008
547,0.8525298439382962,-1.2368102028846055
548,-3.692041951013257,5.722686556390019
549,0.4734441304765891,-1.3565751685362648
550,-2.7603198624774627,-3.0929621051168033
551,-1.5192447128195843,0.8318948862493499
552,-0.47078372610464014,6.391679103399649
553,-1.2861899205627438,2.6565753877987506
554,1.19692075187976,-1.5166560449263922
555,0.35937192308336785,-1.6678786268460022
556,1.693067952615039,-0.9134541563921228
557,0.7018315834558242,0.4686564811193231
558,3.4015206445127357,4.807866091014787
559,1.7800574629239974,-1.131505541045121
560,-2.358052106726483,1.062201685472063
561,-2.1051619306123217,0.17283893145764181
562,1.4241782559568223,-3.4578312072095905
563,3.605228890600246,7.056958502957621
564,-3.033123936459434,-0.6706723517447541
565,1.6494105123609522,-1.2421177958508287
566,-1.9962974197694843,-0.41386267468270543
567,3.1462340012744994,-0.24884824176321785
568,2.0249592241902543,-0.3609232529832807
569,-0.7218023850998023,-3.2094150920994085
570,-1.7023637520121608,-2.134379897596646
571,-2.611471235690696,-2.579719271195207
572,-2.6161588352449816,-0.20561137876583532
573,-1.1435352042309028,1.7556677028170957
574,0.024883621062576265,-0.33577025163086743
575,0.9377107944162975,-2.0730053319401773
576,0.9724184894377056,1.7139107155912412
577,1.9250268533122517,-3.655181486970612
578,-1.4038226474840927,1.5992694209652691
579,-1.9674039354854393,-0.732984628589346
580,0.06532237209640132,-0.9725173942760434
581,-0.017886164092775488,-0.5084619908282114
582,-3.8973987629960027,1.775181882587666
583,0.07492603919410132,-0.9632910916139052
584,0.8247140920081976,-0.9218366727693862
585,0.7382008552552952,-2.4095409138255004
586,1.7098134385574595,-1.3915834663461515
587,2.1581268769440776,-0.8337536571897645
588,1.6115137318541324,-1.5405325404019163
589,3.5534795664492824,0.3171636573735136
590,-1.1563279752778404,2.527545045338059
591,0.870844371055278,-2.3115024866803577
592,0.5505220034157906,0.5193489138761739
593,0.22804386896034548,-2.0527213787737573
594,-2.4879046415564736,3.2744455904402376
595,-1.067022381407325,5.056084032045894
596,-2.466645100620018,-2.2591864612527663
597,-2.9603771180311513,-2.681450481335866
598,-0.9563719599828566,1.258687009683778
599,-0.3229829833445193,-0.6192625023959962
600,-0.20320230871338815,-0.8946541527293619
601,0.07488267746813879,-1.6385177085021974
602,0.8781579822433683,-1.4723273517485578
603,-2.1889935836372083,-3.1283988955833513
604,-0.7506443800115934,-0.12112727743925847
605,-1.2965902353313237,-2.553046155877551
606,0.843766989643918,-1.5515084739772664
607,0.5786807240528552,-0.9170148708281395
608,-0.3934394841949171,-0.5771909048441453
609,1.4018137211341786,-2.0568749517795237
610,1.79979229437836,-1.191123105546228
611,-1.8349938589704387,-0.6360286290230974
612,0.042378911196780944,2.0693845493803305
613,-2.1847555061124093,0.23297312694809466
614,1.7512590226811036,-1.6982714313974634
615,2.345451057175666,-1.3802488084909448
616,-2.5508429321302435,1.9147994190184126
617,-2.9650559869108313,-0.7066670936395237
618,0.0643766490383902,-3.2707404670042615
619,-4.3708217113341865,1.0098915549892502
620,-2.122149297151371,-1.933017626775996
621,-3.965566331081168,1.2860559663089937
622,-0.2724372395279483,-1.2716706393624868
623,1.7312045452627673,-1.0568108943877919
624,3.0477828063676586,1.5725761158746976
625,-0.7703963644943743,-0.5190425151684447
626,0.23954240933713353,1.6965567236961394
627,0.9123993909004899,-1.624309680846872
628,-1.6897690029050285,2.5349008490826774
629,7.640684697722508,0.72193268806594
630,1.881147454007219,-1.2381424232574911
631,0.13898263807321848,8.404223114602287
632,-0.7583255911391105,0.7106290077945834
633,0.14191868917198006,-0.11645570550238794
634,-0.18923166436254574,1.38344039061646
635,3.573485402218765,1.7523442936074687
636,-2.1333095851266486,-1.8772326147913274
637,0.27615891057598985,-3.0942614326689295
638,-2.572437645333482,-0.5213751435220444
639,3.458101431280668,1.6681937429096658
640,-0.924146205470873,1.374937652913628
641,3.1679435676966494,1.300728153677788
642,0.6068013589970206,-0.9920676919854439
643,-4.124509415876584,0.8006857493797035
644,2.1182470056480773,-0.8426442900830561
645,0.42622057586010975,-0.6767752894647128
646,0.9698555085385068,-1.6236074738574362
647,0.29811132830498094,-1.2865306135366223
648,-2.232890916483735,0.5122037913630092
649,-0.7022477136074603,-1.0593220085946278
650,3.499830550238252,0.026252424453872932
651,1.8976156967013527,-1.7791254411252808
652,0.45705590626430775,-0.5532581532321597
653,-1.8924023255134623,-0.16283891815434942
654,-2.5019399887066553,-0.09009689976278015
655,-3.9274921469662574,10.718860445125893
656,-1.036515725624864,-1.4768210459148006
657,-2.96317904501375,5.745024175963887
658,1.030535310789814,-1.4717915924067095
659,0.21760014976257647,-2.3744643365599853
660,-2.2870313754043234,2.8855123359329182
661,0.2815694037781989,-2.330409341633397
662,0.5362553619989809,1.3599579838693796
663,-3.6148941430066297,0.5817811760348425
664,0.24135087254325696,-0.0866949843723844
665,-2.430272138499875,3.0741699496007437
666,-0.40375847902357254,-1.8772468786505863
667,0.7908472187738779,-1.8758170232990106
668,-1.6850973557713465,-3.813156482869585
669,-0.5147044704778443,-1.1430517844299937
670,-0.4716071276962487,-1.2533964512554252
671,-1.2004685143297487,-4.377631115193027
672,13.145296164209862,1.985932477503596
673,0.5690114896404211,-1.295727919889231
674,1.8712311220586353,-0.8117724315101054
675,-2.472034285104656,6.3608824987793025
676,0.17728282852856775,-0.7512512495636233
677,-2.6063012500100338,-0.14487059597646407
678,0.6085315744740925,-2.2392433625258135
679,4.035002670906879,2.0318215357684144
680,-3.430571554848926,-0.12660120949645215
681,-1.0525969106271713,-2.718590035919782
682,-0.10722781129141166,-0.38212318508335186
683,-2.2633402897484456,-1.3589831083277772
684,-1.953648872376985,0.6388256911131656
685,0.4266602825693669,-1.3380751733819405
686,-1.8063310580783931,-0.316882088059798
687,0.74844764477871,2.510324375790898
688,-0.3610276902032897,4.99982212707052
689,2.3397492215298987,-0.21904013844488296
690,0.5313812550098982,-2.5622189070571073
691,1.0202699423221324,0.10912644557405549
692,0.08573903172063815,-2.9482022300935955
693,-1.439778813654525,-0.08500481340031457
694,-0.7259619300259521,-0.21683085342772956
695,0.3717588289095806,-1.5348264482273326
696,0.22814914068240283,-2.2595463731866454
697,1.2797234455424886,-0.5789542541206987
698,1.4337252142767054,-1.3580142459693436
699,0.40562640072136247,-1.7703782113331805
700,0.1608198679442803,1.1567122110148882
701,-0.3608430992920183,0.5175832049743391
702,0.6138347100628073,-1.5278334530234479
703,-1.9169587578227654,2.299130504345886
704,-1.418917314263441,-3.120791686261976
705,0.7277997671420076,5.822027803737284
706,-1.9072756511700726,-0.25990689533928707
707,3.2780137062453685,-0.2968807473112415
708,-2.9564608283603886,-1.2991448143892073
709,2.10338003910266,-1.1513970176248713
710,-1.6458007669213521,2.552876244065012
711,-2.606335053634726,5.941348979475151
712,-2.9936238400127464,-0.46110454226288455
713,3.772355388750572,2.962941981053093
714,0.21541956074091506,-0.9806388128165365
715,0.5450948506540998,-0.2797580563315273
716,-1.5177705861365638,4.1256224631006715
717,2.2888162927542384,-0.301966237185449
718,1.1242158774335582,-1.5789506752627067
719,-0.15001609022831738,-2.06084482033487
720,0.26875467853161605,1.8304092569526729
721,0.5798575308222218,2.668171373329195
722,-3.2506551447418137,-1.9794502082901062
723,-2.225289493900052,3.003063798164965
724,0.4755224106073686,-0.78019858609089
725,0.6920349917183752,-1.6928814579013969
726,1.0751284447292089,-0.9914746986092158
727,-0.7306716178240712,8.739000301212066
728,1.1267227083091382,2.018231268587413
729,1.3634252708938408,-1.3411644235808957
730,-0.19739662012805986,-3.7735701396565253
731,-3.1418610669560465,2.691903860468654
732,1.0280436070595693,-0.9688080676933117
733,1.4505024519260963,-2.2523150920709356
734,-0.48299475350656246,0.18187924210346634
735,-2.449932140071148,-2.164940755864339
736,-1.4798309332724227,-1.9624658747599903
737,-2.804709218979969,3.4048683812848632
738,1.1411687404380073,-1.8904856789657543
739,3.7167549859420372,-1.8948366838149022
740,0.05006188982545897,-2.70711170405371
741,-0.16330285277557402,2.0101052474575494
742,-0.9459511107504963,-2.8588361914997344
743,0.4840885389806848,-0.15114336885413057
744,-1.3682542158468396,-3.3774803486957423
745,1.9093118644626215,-0.8812813609702732
746,-2.7852724585082544,0.09267367457616431
747,1.5371510111674214,0.6190879005041983
748,0.6262832465572765,-1.3997681694497628
749,3.055384252330932,1.199507789514034
750,-0.29071387655889364,-3.98469985451224
751,0.01995353359397782,-3.459149943964555
752,0.9399141285557583,0.15418918969031514
753,7.1555128849261305,1.7368631682994116
754,1.1834301685824657,-1.3831448595464666
755,1.5515877719194675,-1.078208558621593
756,-1.4642122106300697,-0.20952284611040026
757,-2.7963296532676396,0.04330447491575664
758,-2.81446783826459,-1.3558771675319454
759,-1.2511782043195123,-0.6022236502891225
760,5.218475864338209,4.290503646491994
761,-3.046298123885863,-1.292619961032805
762,-2.817499200460711,-0.48414506960697723
763,3.1510956107866948,2.029243968392975
764,-0.3475311231279069,-0.5672066093891179
765,-1.2631287096480057,4.099882374931795
766,0.9783374658963463,-1.5362441762858485
767,-1.1509163853441717,-2.168424981949931
768,-1.8178999478151434,-0.2281076420687054
769,-0.19670933646521183,-0.21188273535237603
770,0.10751956874110256,-3.188977928074194
771,1.0170056015786277,-1.116360671119185
772,1.1980537262570907,-3.836596702918143
773,0.433704598707424,-2.9138178536268566
774,-2.9210626718711166,-0.3401423997272164
775,0.050735489399661805,2.8978885038928603
776,-3.5012818849861054,-1.9629882882731267
777,1.7731983776452465,-1.0222419643318317
778,-1.9296895352868713,-0.1242854431682365
779,-0.15382100305216181,-0.8251559513880126
780,2.328635775952352,-0.7518810057723063
781,7.463251188690729,5.97634049886242
782,-2.4983923763937708,1.508229909172544
783,1.1781509879188647,-3.206079326299704
784,0.19512148892808343,-2.8052968148260704
785,-1.9230359305915363,3.4214198184059432
786,1.9549822718075107,-1.2326461661814732
787,0.014377450039321704,1.3538696832810497
788,0.9363261632374879,-1.011822661838
789,-3.0701476923339093,-1.6493382855163756
790,-2.9422742599167497,-0.1833936823728567
791,-1.8441088869980813,0.6212697544468607
792,2.4606759005761267,3.440255103525945
793,1.6656995881505894,-1.1750343663348282
794,-0.04445279121486776,-1.078763098660108
795,-1.3648610990904886,-0.1910112880352117
796,-3.0035950165811998,1.4251663499874
797,-2.2599717020384147,0.9521256058584925
798,-0.8059829203416566,0.7936229913348158
799,-1.9310664698630065,2.4233484262459704
800,-0.09144472242584466,1.4355813340027601
801,-2.08239372117981,-0.6509672753825677
802,-4.128744106989719,6.206838590303695
803,-4.359287785747492,2.6012423627435672
804,-1.1787628245886979,-0.11466936924057262
805,-0.6276585659774808,2.7352403322613768
806,1.009114480817435,-2.0098621221964974
807,1.4306749300365176,0.43498046963699705
808,-0.23414877624031985,0.7789905559772584
809,-1.9539635543920166,4.0498445654811865
810,1.325794487006294,-1.7690958518813478
811,-1.0973072176657988,-2.7841818615098157
812,1.0571404692799429,-1.4558316069546937
813,0.7689577819137132,-0.2877619807875071
814,-1.4965454010072523,-1.2457375487744118
815,-1.307523235585528,7.36184259816353
816,1.268678063275047,-3.29115595903403
817,0.4676326509091732,-1.2170836011552717
818,1.307570871302004,-1.2083666436019953
819,-0.6976647620372872,-1.4658609333842139
820,0.4366004919000894,-0.8345445876626412
821,-0.4416368102061545,-0.8377184025185377
822,-2.2156271599644626,-2.2237183879464433
823,2.4633040517430747,-0.6325399048897649
824,4.175488733340069,0.7955560595161145
825,-1.9367421605747857,1.8465337760081706
826,1.476612866302726,-1.5934764940202997
827,1.5117489936631257,-1.2234053835044978
828,0.06251678374338722,-0.7076696577244296
829,4.786514301901032,-0.35591961729443966
830,0.33328970854617773,-1.0169150130205156
831,-1.8844382131730473,0.35880889265411386
832,0.4401539500179929,-0.3860085373925854
833,-0.38534115880847386,-0.6023666499069119
834,-2.61907983531952,-0.9864919308423774
835,-3.313006211619045,-1.9984375879387886
836,-1.9554057297945144,1.6560454511613854
837,4.523750117534098,0.22056516650739819
838,-2.349955055064248,0.9889424693704134
839,-0.28707699774655177,1.7837745127803073
840,-1.1192182744066224,-2.5808587865707144
841,0.7146857263689909,-1.682990375873362
842,-3.2430905464909734,1.7253308506789367
843,-3.4743112500604827,0.2874273013135204
844,-0.6345919998435404,1.1471363124306169
845,1.835250167088811,-2.1729444122723933
846,-0.42534796348652143,-0.8257028533127513
847,0.8510402432558866,3.745262144534189
848,-1.1694965173957996,-0.5197778435798457
849,1.7511730882535625,2.2161282561541684
850,-2.8060868028557016,-0.9489367018098036
851,0.6054288375332247,-1.8614110843124163
852,-0.9708582105602781,0.43370092028712315
853,-1.1993091610092603,-1.6421794344035605
854,2.5567977858017,-0.2629707000508919
855,-0.45953389399931405,2.424818904934779
856,-0.41046166499556563,2.0855522093873757
857,3.463556812625689,0.2667368192639779
858,2.687498544998113,2.5198046311509446
859,0.017743375385599405,-3.4462839564249093
860,-2.018738198642774,-2.1779948555507316
861,-0.024842114306074487,0.35697076055829774
862,2.0454068937827863,-0.30528258276751374
863,6.180243153286555,9.431142877390084
864,-2.6336353683141747,1.5905745645067335
865,1.3621175838573372,1.1114667078523848
866,2.5499962785583277,-2.3694849558413145
867,-1.884923174319187,10.869035008578276
868,-0.2595409213714143,-2.6476333698341374
869,0.40512784015606584,-4.212216730448589
870,-1.6150254153297923,0.16191967387138348
871,9.302706447199704,10.585214370595613
872,2.7569770979364647,-0.44917354476194865
873,1.1614020084472148,-1.520977419459651
874,-1.4525181457875405,-0.5983476385999268
875,-2.964901647124018,1.4035263397216609
876,-1.6730959333049302,2.559167855097012
877,-1.795625107322667,-0.9215669776801279
878,2.2185162105333114,-0.09958390896492247
879,1.7070186915988887,0.728068739013975
880,-2.3396953677977526,-1.3504499999107087
881,-0.415518745421339,3.6435634967989823
882,-1.1161993691896965,1.599536130022613
883,-2.2168592725095055,0.08514858049308233
884,-1.3088903750817282,-0.420433426459007
885,-2.7490568082462636,-0.03520567382880848
886,-4.434021217078833,-2.095436732238356
887,0.6289080879456087,-0.6430817284662
888,0.8046400758290646,-1.3170172492535746
889,1.6539941529049182,0.2241745863265334
890,1.3924933633869372,-4.185019340835487
891,1.1268424592587936,-1.3828450573586675
892,1.2981366295546506,1.1458843692499747
893,1.9041280802224163,-1.1379771150900124
894,0.5706865553363973,-3.130938034704345
895,0.33907087961543636,-0.7907921150216953
896,2.8149973458212054,-0.5578481596556842
897,0.7634838645250599,-1.5735599865434517
898,-0.7030824519181863,1.8479316729126851
899,3.427623677056912,-1.1022438111990298
900,0.08753376590583521,0.21462902068826448
901,0.6402211707528267,-2.974040675749408
902,-0.12582043705298188,1.3169878496667693
903,-0.9593751121188329,-0.07552080139385059
904,1.032409188649011,-1.485143897901129
905,3.5489904610811864,1.9490132607566986
906,2.9068964692269974,-0.29223824672866744
907,-3.6230710401003714,1.814276316276393
908,-0.3586767851652562,-1.1944331558729209
909,1.0832659273368028,1.7579311815052463
910,3.61997137646328,0.8153467194437822
911,1.7238524687805628,-2.568995154940985
912,-0.6229052071652725,2.8771591511784376
913,-2.367126589856256,3.4366544310333116
914,-0.6703791353898428,-2.0051753650395145
915,-2.0931668957395058,0.5855640487522878
916,1.1041047418013377,-1.3382040291617663
917,-2.5754581844781845,-1.1653686648591715
918,-1.6001537407463948,5.80362339369887
919,1.9768693410695708,0.9744667015057388
920,2.090924876549232,4.695716210583455
921,-0.4298122319537637,-2.1424675736665004
922,0.47758397201167657,-1.4157350855093656
923,-4.001088887784718,-2.284636845452329
924,-1.3314776694525103,-1.4746751492257526
925,-0.6303476854218096,-1.4406580050322826
926,-2.615608352780918,4.147134352158531
927,1.4322764745726637,-1.3701739330500424
928,0.37149182231744676,-1.8373726657475946
929,0.4560091951996557,1.2647347855765927
930,-2.0388737099173992,0.8614086050364126
931,0.9644627577542931,-1.026555338582459
932,1.6651672914127291,-2.1879173818377233
933,-0.7560937067597778,0.6348174705319041
934,2.6743872359694825,-1.3143975721548011
935,-3.0420880653347893,-0.13684272590506927
936,-3.556276320327803,4.528677211113884
937,2.7423101587524763,13.417149272027986
938,-0.7681154902103147,2.119775988676048
939,-0.6206065817903073,0.5337566817352393
940,1.6175906373669648,-0.7960660635085721
941,-1.6502547051045509,0.8990659663303915
942,0.3906431045619374,-1.5829919665062593
943,-0.8531571432515838,-3.922494282717285
944,-1.6304055266184088,-0.24751041840587124
945,1.2335687984884907,1.6357407923666683
946,-1.9729481384952527,-0.05758140812320557
947,-0.03087176235225493,-3.6886467705342825
948,0.955136048708648,-4.58330521377071
949,-2.1829359290447914,0.03507804981528668
950,1.811740268573229,-0.9332842455432205
951,1.028045047010636,-0.3664114556443039
952,1.0455753712821156,-0.5492729699037353
953,0.5011371644871777,-1.822431404501938
954,0.21950320492222541,-1.6340212865761488
955,-1.05025206276179,1.5471728504529372
956,0.10306261716019559,-3.350520927405623
957,-1.386615187432372,0.41564320545176875
958,2.181803779581776,1.6261828015853725
959,-1.39230488069215,1.0634220953830396
960,1.9839780494833474,-0.5513118294410863
961,2.2644884355094828,1.2442106892007996
962,4.387369371302936,0.21818353181342404
963,-3.6440379693869134,-2.0742939119477155
964,0.011556170293157652,-1.3016578835796444
965,0.1242970093893413,1.393181033028782
966,3.3725798433679692,0.8780101914042362
967,1.3354218951798298,-2.8820703003720687
968,1.2229241467672471,-1.5048059150040625
969,0.08218676388633744,-0.2979122124014727
970,3.098431546151823,1.3509584204947318
971,0.3278162327837243,-0.6008686444071827
972,3.2922909158367566,-0.9146740643179907
973,-3.9640487792928134,1.3700951434515847
974,-1.3567407993782177,-2.653869656721889
975,-2.137730813258087,5.5410187999105425
976,-0.6505609734695541,-1.3668896568500444
977,0.9526117177238673,-1.5734936022901544
978,-2.1370974221201844,-0.5274868979984584
979,0.10657364663542,-2.0932467485317643
980,2.5456481818723673,-1.9310584865744542
981,-0.6060267809579154,-1.0639530717398762
982,1.0249810296788726,1.7726542871013968
983,2.9179035132867552,-0.3492860370729568
984,3.7050333881965787,-0.2173462252834498
985,0.669811870447121,-0.46079229593492604
986,-1.9050131899799327,-2.1176428704797043
987,2.3917390516682557,-0.07723754200058264
988,-0.8875910520904602,0.16795448033282442
989,-2.6053884157352334,-0.889473842137518
990,1.9709934033707017,0.28171368533271623
991,1.3881727517731646,-0.7873950841060458
992,0.6377839565376915,0.8477184449767686
993,0.43494321705700933,-3.6027057068872326
994,-0.5755389057116044,0.8455349119455878
995,1.911631585905673,-1.0688241044997242
996,0.3502890546796526,-0.17320055866112363
997,2.727651038652933,-0.5482854308995041
998,4.268613729693423,0.051072283530326806
999,-0.6831675842299866,-0.21150871956561562
1000,1.3314526389054613,-1.24751456287946
1001,1.1116901564489825,-3.094781892938664
1002,-0.6988220713937121,-0.9889696717681207
1003,1.4820295205469922,-1.2272309397789503
1004,-4.065973740995042,-2.5409779092019056
1005,-1.5262709972881667,3.1212070835397006
1006,2.937168318936111,-1.9563046733376244
1007,-2.3549447448071428,-1.1301638622961685
1008,-0.6993754466185081,-0.8285817121994933
1009,3.881183133946223,-0.8445487818144902
1010,0.6913189716860794,0.5438460400041659
1011,-1.0790865462329629,2.626239668206545
1012,-0.13702988564375104,-0.28088111834645446
1013,-1.4858438645613148,2.765396095361911
1014,-2.398205751271183,1.2933612323236088
1015,1.8850757778785119,2.6834505859630786
1016,-3.5701916258366166,7.563232456924522
1017,4.4711079255286545,-1.22600370286968
1018,-0.6266433591522288,-3.388251403438076
1019,-3.68233909080804,0.280189344869795
1020,-2.3259277777348095,0.154468704269013
1021,-0.5926934257653473,-1.9360876142266399
1022,1.0025656597342385,-1.2737499376396033
1023,-0.35405812748865506,6.507785533388513
1024,0.645460414098792,-0.33880242382774794
1025,2.0178532861991574,-3.0515128904958084
1026,3.9513201901148274,-0.8130481588747566
1027,-3.084547376274057,2.8543269788625465
1028,6.282664966699087,2.0793339513733455
1029,-0.2934180167812494,1.691137887781224
1030,1.3614442804097675,0.48112768738585254
1031,1.7977200156810877,-0.48024825735080773
1032,-1.8376475681433226,0.24648604718794773
1033,4.103889274401989,0.7957573054147562
1034,-0.44846944665121347,1.247985430658341
1035,-0.6178124982578752,-0.6154839830283362
1036,1.716538683710356,-1.1138147623098071
1037,-1.0526023535646487,3.0847947085476677
1038,5.730571916809415,-1.311607270075379
1039,1.7269580261009345,-0.5457667955937369
1040,0.7524705675516835,-0.7089977979721691
1041,-0.23484301854264697,-3.2824495314272286
1042,-0.8050467354281045,-2.852978389142099
1043,-0.37983618735488855,-2.9658372401803916
1044,2.066633251320288,-0.7434406171401314
1045,1.2073869682448664,2.4443157316399597
1046,0.8322464167098272,-1.7133244046285208
1047,-0.09479628239961539,4.355024522708848
1048,-0.9164126975872036,0.9818526627074928
1049,-2.1378331029340965,-0.5911717978724005
1050,-1.8490094094149185,3.737639275785863
1051,-4.757726740347352,6.4986839881549745
1052,1.476663106417886,1.459782909943094
1053,-2.065964789519678,0.24854330997878574
1054,-0.25000831123844264,-3.10197995225328
1055,0.16878032188501105,-3.183429623242712
1056,-1.2093539326309075,2.6632926666701655
1057,4.238624022667659,0.9176861582993305
1058,-0.048849304548604915,-2.7372969169258323
1059,0.9746839242666997,-1.4129734086011234
1060,0.010311860277834978,-0.9763924623532034
1061,0.007766223337005048,-3.2682501125024754
1062,-2.0829697725928176,8.757047775345738
1063,4.523413169307535,0.7861677469279016
1064,0.27163868548092246,-4.199562394906488
1065,3.877888034487349,0.2906775039557744
1066,-0.32305099338103266,-1.5884868676087724
1067,-2.271590988315494,-1.8502677141109296
1068,-1.832691624182388,-1.5245548349667244
1069,-1.3549383491722162,2.7881681027154475
1070,0.19679251487219773,-1.381991181783443
1071,-2.9520447753701404,0.42386181132842765
1072,-0.017884688916437526,-0.5279508721016425
1073,0.34651894561773733,-0.5243323569278313
1074,0.8840116803826733,-1.8864580331601701
1075,-0.5148861191698605,-1.0657633117523129
1076,-1.224088961112263,-1.8550974370213897
1077,-1.1707675099602548,-1.9317260634193372
1078,0.19625481257382565,-1.6592971238687446
1079,-3.2330383274150623,1.3740946412750765
1080,-2.692017001790206,-1.9919926500285654
1081,0.6692920788830251,0.285386294793565
1082,8.597908071885973,1.9265779862813528
1083,-1.3942354163613164,4.755306774594829
1084,0.45337435752199945,-1.6997818312632549
1085,3.352884234413987,-0.2339828709082751
1086,-3.1101513959697367,0.9516815402192145
1087,3.078765039459648,-1.4554052720777437
1088,-0.6538713290069448,-1.898028971133412
1089,0.6430100316630671,-1.1050495998515018
1090,-0.2358792774961642,-0.1749023192639586
1091,0.08247425778551305,0.07832098253573413
1092,-2.487804221137883,0.35669440935877517
1093,-2.337535553270392,-1.104587038254783
1094,4.9798742310412525,1.9940461106167109
1095,0.19603459839994647,-1.365336771038163
1096,-1.7399789165851265,1.598147454657889
1097,-0.9737631410883908,5.67762577658289
1098,-0.9701903408068056,0.8175467139527327
1099,0.2750255017733182,-1.0028000399589094
1100,11.78885908308384,3.1501666254235805
1101,-2.80658178502073,8.557199917845516
1102,-1.1507536592935876,1.4460680205269225
1103,1.676694770728547,-1.2676177472488739
1104,0.038222065596301286,0.369190979925914
1105,2.453661562323275,-1.7391436573312433
1106,0.06782606461157525,-2.9111919303442635
1107,0.6253112501368008,-1.3427251969464626
1108,0.5596028023614559,-1.5997820517862167
1109,-3.619263871779683,4.967033910769268
1110,0.0033351584090596164,2.09366407769388
1111,-1.4793792070824832,2.6764399752527233
1112,-1.929004099314542,-0.6230127635730016
1113,-2.009683231782033,0.4711176682478664
1114,-2.783270446682001,0.5242674344975468
1115,2.420584463424978,2.1687383001118645
1116,-0.6955689540592047,-0.18201977824700716
1117,-2.7835671322044426,-1.1003133646611565
1118,-3.0237391276946166,0.024643722884875825
1119,-2.095283994834321,0.18780700512902102
1120,-0.7689133768089822,-2.666736492152603
1121,-4.3554359215427665,2.444446625629696
1122,1.188115080206114,-2.2690133256873266
1123,0.4665414750320895,-0.8470438149958989
1124,-0.8005110415838751,-1.4889084544991722
1125,0.8851983145562647,-1.4192930107585924
1126,7.3207283638769525,4.65589748371298
1127,4.363623068346448,0.539983575402437
1128,-1.840545530238648,0.18448951136552966
1129,0.28968995660148333,-0.04358945138548998
1130,-2.65394981644972,-0.5331093071835648
1131,-1.6292217244077782,2.203694904959015
1132,-0.46185795478951724,-1.057154293227976
1133,-0.08056298760862225,-0.6389687376679509
1134,1.4767595086821612,2.898145750423364
1135,-3.1533776114693275,-1.674008811506693
1136,1.590848667019095,-2.5427383743154377
1137,1.450216570981513,0.15038628482570654
1138,-0.9356321688678886,5.0137956587699435
1139,-0.2491198191479196,-0.6001442805655172
1140,2.70190684861133,-0.645488134194126
1141,8.26810383722997,3.585837806581314
1142,0.5372443662466908,-0.07809906613209014
1143,-1.0943777266932477,-1.2211600377285892
1144,2.4882837450777435,3.1535859885768325
1145,-2.766723561609609,3.6237672805750663
1146,5.978504986696898,0.9972572946147186
1147,1.2540122816588393,-1.141151345729843
1148,-1.8753164623154182,-0.11878966376569473
1149,-0.12930205732386085,-2.9669230977841914
1150,-2.227006715326223,1.8178634207907398
1151,1.6791598559023861,0.5169581143292777
1152,6.2578440478716875,0.39695460765693874
1153,-0.38798252277186207,3.927372393934037
1154,0.709744854585581,-0.9008133452767423
1155,1.4106787075755671,-2.3796214909309232
1156,4.086380162476584,0.3193930405867095
1157,-1.0792294545017924,0.3997545312755006
1158,4.083053178595188,-2.9368608800657
1159,1.0845284599584988,-1.4886023799732648
1160,3.6042943463643335,-0.5904514227521479
1161,0.3016808214340119,3.84016394659149
1162,-1.5694627790195297,0.9475239295438793
1163,-3.771962166162601,-3.1886991105439733
1164,-0.06288086856533376,-0.8354242748726752
1165,-2.2206565359774477,0.07105390408213329
1166,1.1507134276787845,0.3653799451899411
1167,1.0343998443610811,-1.5301562153375268
1168,-1.806331260739285,-2.455008381947566
1169,-1.1064825614019265,0.36384653255543115
1170,-1.7827878221284477,2.188355727963796
1171,-0.04202947636902215,-3.8779783673698134
1172,-0.41935192826506346,-1.0549665140187598
1173,-1.7633896969595544,5.376674501078031
1174,3.053250185778424,-0.48624294465425044
1175,-2.908879596916752,3.488960139142492
1176,-1.4423649369659128,-3.7508257468730073
1177,2.243108478680711,1.619609567093819
1178,-0.6061913314257694,-2.3314530858750904
1179,2.472737082189053,-0.693253364057281
1180,1.9080067517785613,-1.1345468473333358
1181,1.7809158513193064,-1.230102598782204
1182,6.074897569498165,1.2559297742051574
1183,-3.9734958589909164,3.8178334215132677
1184,-2.787196402301353,-0.6615758331829772
1185,-2.3561934242243923,-0.5550319445803813
1186,2.9634866934977673,-0.5791513192898402
1187,0.8343851041704856,-1.6353888162531187
1188,1.8876472425793749,-1.0719165304853275
1189,-0.045680017390685945,-3.3126471639563118
1190,-3.494436386452005,-1.0842434541115182
1191,-3.9882470526579468,8.607738186602997
1192,-0.8848141396136057,-1.7723350493631387
1193,-0.6317253545378602,-1.1045060161282416
1194,-2.357858828637332,-1.4012826633530917
1195,1.2022543520431337,-0.3705406498317023
1196,0.9428463227646949,-1.442620861865037
1197,0.3204682729241824,0.3929286242105126
1198,-2.612595253850814,0.5710785740862708
1199,-1.375817701937942,0.3058380434402726
1200,-2.826396624119007,1.524227938982918
1201,3.66177895951756,-0.33138564238116525
1202,-3.7943280210110766,-2.2558439474696486
1203,3.347594515598963,-0.4949197933110342
1204,-2.6365417792746277,1.244664707681429
1205,-3.447365343093288,-1.5780532109761443
1206,0.3791309887304571,-0.14252859473367477
1207,2.7462826537498954,0.5731904239290149
1208,-0.22369952911839724,-0.8397438992982671
1209,-3.252522097316255,0.01770617591462106
1210,-1.4646188736210228,-1.9808146596620133
1211,-1.0221237895547093,4.265731352060029
1212,-1.2153278349157188,0.5637472749562155
1213,-2.330519193925017,0.09253313199614199
1214,-1.7679675901772332,2.590011990645024
1215,-2.16071286421187,1.4321957238809855
1216,2.4620028054483054,0.6074344387510926
1217,-1.6343672150313198,0.09729733506597461
1218,0.16028769895578682,-0.7758893067249674
1219,-1.3740536274421697,-0.9694780183968584
1220,-2.859987099152444,2.512267218239878
1221,2.6158794889513404,-1.5956091480883239
1222,-4.945320396063616,1.3004584076275036
1223,1.7756186617131768,-0.9459009607584323
1224,0.044658475773300406,-3.2242274317922717
1225,-0.42957872898306515,1.5783006210263402
1226,-2.172006298878073,0.578360776315564
1227,0.28209423624272834,-1.3094145016774383
1228,-0.06264843078238128,-0.8593165307495177
1229,0.8363629215448831,-1.5591241187051947
1230,0.37217945883083525,-0.20512244588287964
1231,5.106378901655707,-2.956338621542092
1232,3.95005069183145,1.6062001171275149
1233,-0.2744284833180062,2.4575570372990994
1234,-1.2928316706404943,4.315473407154928
1235,3.24692828189411,2.8143167354698178
1236,-0.26993570919601184,-2.980151114706035
1237,-1.966070708678606,1.2750651354464264
1238,-0.5852813288007568,4.637417909018325
1239,1.486458696738951,-1.2105752189129944
1240,0.6820361081523987,-0.9181200603141644
1241,4.616355799109717,-2.11433491086079
1242,0.6221619133065861,-1.3198339622482391
1243,3.8165554601162537,-1.05643400044809
1244,-3.265290981510645,-0.45923845561514876
1245,6.477308841887995,32.11124891007761
1246,-2.6687092427830055,4.624285253123465
1247,-3.386308580200462,-3.3105426846667503
1248,0.7895788306275906,-1.576182404123088
1249,2.2395717528831303,-0.6402814592417563
1250,-0.6211684405045608,-0.24795698977996133
1251,-2.039406284612535,-0.3076678728628118
1252,2.4188451668537745,-1.8290482267626686
1253,-2.5854569040223008,3.003632318321575
1254,-1.0185188119065514,-1.2531959155568073
1255,0.37982104614829515,-1.1394939686672292
1256,0.7335325039178409,1.6622779321273458
1257,-0.26150206117199254,1.3258143690308908
1258,5.776936183121151,0.7984463424401814
1259,3.418870613443439,3.981516219233233
1260,1.2595625189327018,-3.119354870864266
1261,0.1276345477242954,-2.8184560678263413
1262,6.779630763891803,1.2322307062466602
1263,-0.35570752364998404,-0.445466514849313
1264,1.218015082348512,-0.4778114437792193
1265,-1.9657611204926297,7.621434298338314
1266,2.203893236769741,-0.7160626742531397
1267,1.706626184796198,-0.7636541675051638
1268,0.41076333341996263,-1.5287251747428257
1269,-2.0096913543783392,0.599714537853662
1270,0.716327991423156,-1.7260520366817504
1271,1.566729021820243,-0.9192889386953851
1272,5.95438375205198,2.621685923132735
1273,0.24977781651290706,-1.5293304341233023
1274,-1.2790006038855353,0.4669912916206301
1275,3.888488296690657,1.324660587025279
1276,0.8989059149209655,-1.49788127104019
1277,2.3950014551538508,-1.7218495961454734
1278,0.9305192540704414,-0.15023911531371878
1279,-3.1792946738122385,0.7949366042770167
1280,7.168713795061591,1.7960461471318652
1281,0.5157855203655568,4.923993678697232
1282,1.8982788705650455,-2.289170679004567
1283,-1.6570575682205322,-0.9346917463828659
1284,1.0071422497096298,-1.4360838175684019
1285,0.4449085639949222,-2.4386048037258456
1286,0.904007024800505,-0.9729635163010941
1287,1.3032419819347638,-0.7279653850801868
1288,-0.5815966973827031,-1.0934690918498349
1289,-3.139599699338998,0.30765945686351476
1290,-1.6221593105957772,-0.04173802834532015
1291,-0.14224524346555556,0.993892119165098
1292,0.987431036317452,-1.525877809092555
1293,-0.13109818211939248,-0.040832166544789966
1294,0.6248462478526051,-1.3556956244157155
1295,-1.7704491131021451,-2.494307636944475
1296,-0.8849909295308883,-0.3922680113977379
1297,-0.9701715440550569,0.17986265821833838
1298,-1.9425622740027613,6.149960895950252
1299,-0.39791149838778245,1.7827707114252123
1300,0.7579660260873441,-1.8462350254921955
1301,-2.7487384904714713,-0.268191933268689
1302,-1.0123523995590964,1.4912556630903775
1303,0.7615744160602316,-3.55152966232477
1304,4.834275938824559,0.4597629054871454
1305,5.252969433040299,-0.14585999809290234
1306,0.6110066046720244,-1.3359865099382293
1307,-3.0470778100853386,-1.726346361544497
1308,5.239281869895288,1.1653018700365205
1309,27.81538084290246,3.7007617738983147
1310,2.0552796117003385,1.3441556836055792
1311,-1.5921631339314755,1.5010582765490907
1312,-0.10614072295617388,0.4441596223623291
1313,0.33872325668678843,-3.754429933163116
1314,-0.4824131800521982,-2.585971955082977
1315,3.1026017631642144,-0.26366975614689164
1316,-2.645446967848406,-1.5759334847175266
1317,-0.338450497113075,-4.057601598593026
1318,-0.38034660258227465,1.5815274657679863
1319,2.6513195472286863,-0.5104146530335795
1320,-0.7655034680842054,3.486408570696666
1321,-0.7102980784622545,-2.885912459088235
1322,0.03759290226682875,-3.4308385005560957
1323,-0.5616837089710338,2.6047394321964177
1324,1.3656797067885276,-1.1881636721680495
1325,1.1827756539827765,-1.397820164992521
1326,-1.2018879516742553,1.8867196529203951
1327,-0.01672769569456758,-1.7321651430816003
1328,-1.0809724409219135,2.7193525694388287
1329,-2.412701981595011,2.0107818346929425
1330,1.3129378287268192,-2.70155854570861
1331,1.9404617957396395,1.3105257419421747
1332,-3.115983538017295,0.9005682599759484
1333,1.9259545262482038,-2.263853107828723
1334,-0.41462787109399785,8.059568115630343
1335,-0.2576442139837865,3.074640966929165
1336,-0.7526940594784667,1.1286538277994327
1337,-1.8330545764483739,-3.191882127242894
1338,1.008586113071375,-3.248303465139801
1339,-0.7979733831108224,4.777484707666342
1340,2.9727343925932272,0.20254332234953323
1341,-4.427637353896586,2.2727246612664556
1342,5.39692189463106,8.249140403268058
1343,0.7122301369507703,2.1357974760187775
1344,0.4147263991215467,-3.2445911178223974
1345,-1.6525081737959595,-2.525247325936832
1346,-1.9075352934578276,0.2310591944287531
1347,1.2171181859316247,-1.9281136534227565
1348,0.037096580540030226,2.004672921435494
1349,-1.3878094501138323,-1.4491600627921155
1350,-0.7900047885144409,-2.6743639029909114
1351,1.2418938581390928,-2.971016538052414
1352,-1.6911479644983787,0.16757969178967635
1353,1.8228649500124536,-0.9746666446657621
1354,-0.5974750969965484,1.6382307989247882
1355,-0.9897813968998499,2.238219920397076
1356,0.2911081000475747,-2.7579986482146825
1357,-2.2635181791247514,1.4285911953170967
1358,-0.8837624248091427,-3.4589774983765245
1359,0.8907811463643837,-1.5576695255626423
1360,-4.0102969893174265,1.3102977746442912
1361,-0.9710591030006941,-1.1271766086803696
1362,-0.8576566456417506,0.12260100620540887
1363,0.06330894546323852,1.5987882150513097
1364,-1.6444330559619977,-0.6183039965091002
1365,0.6245254726652183,-3.96748885903511
1366,0.14703380324779022,-3.382954010803027
1367,-1.634586567246715,2.0961581046049136
1368,-0.1371367639033078,2.0511065388039778
1369,0.06366125920349668,-1.2715385400859978
1370,-1.9857149614771226,-0.11425043681358152
1371,-1.1980273174420686,1.993472846804343
1372,1.8965880435645304,-1.220893453544267
1373,-2.4202459902012645,-1.257787134437053
1374,0.15732603723075156,-1.2928999537389856
1375,0.1741935160687663,-0.373694507001638
1376,-2.0395399224034083,2.7971143303302917
1377,-1.883947158586058,2.957711182711222
1378,2.5908293134163842,-3.330978832839407
1379,1.2221221448142507,4.365492549484012
1380,-0.9539240465146817,1.5229825279224787
1381,-0.9111186238974751,-3.6653646197416974
1382,-2.371669152025498,0.45880180359540934
1383,-3.3398790818710755,-1.4347334409082202
1384,0.3535117583797358,-0.8610901888808677
1385,-3.4951087189171606,0.21653347799619813
1386,4.334169193689568,1.4214989786696701
1387,2.848126032635859,0.10112329159109204
1388,-3.5285406115564037,0.2407112413964697
1389,-0.44290713433467516,0.23657183162153048
1390,4.1245616691719835,-0.34358408567386695
1391,-4.263266153538423,8.743495489187698
1392,0.27024154900812686,-3.944538392021033
1393,-1.5027285881008554,-0.4333751913355952
1394,0.22588354610322633,-0.7714817336612236
1395,1.8196120091702295,3.869667119606425
1396,-2.0995980541463726,-0.5603217184898064
1397,-4.47165874879326,8.387141317456393
1398,-0.46417469369674347,1.9160313342717301
1399,1.7908579316749054,0.1355997772627503
1400,2.7970954353358617,-2.7127160223489737
1401,0.6543373235619769,6.02604785423501
1402,-1.711616390984249,1.8740212522255628
1403,2.301319323011138,0.7148698342833655
1404,-1.0031484537091633,1.8144244341987956
1405,-1.0117959814808837,-0.46219102275974916
1406,3.8805676388465775,-0.18576751949488995
1407,-0.5396021743897552,1.2495100816794755
1408,-1.7133335087776294,-1.0417010145561771
1409,-0.38759001669672727,-0.8552494978560937
1410,0.5236023985650254,-1.8044191897343687
1411,-1.9153169848523917,0.41282294950898585
1412,-3.5396191134222232,1.6994209587284057
1413,-1.5126915190283232,-2.8850437705463077
1414,1.9873307374248639,4.926289869384732
1415,1.434512807611349,-1.7362841308934072
1416,-1.5086161377993403,0.16266947482669936
1417,0.6269081159022308,-0.08901085255213007
1418,-0.3497419904312498,3.5983693024419487
1419,-1.5536726274714618,1.3211892950601698
1420,-0.9709546506000807,0.23999196503378598
1421,0.03517663766750271,-3.444803619593693
1422,-0.3035879494034807,-3.9820330075044503
1423,2.4894868262396557,-1.3252967563533675
1424,0.3524253230936502,-1.2970344313477222
1425,-2.8488063694658154,5.130471111253425
1426,0.9226876203165556,-1.0004021354529675
1427,-2.023734311589412,-0.1588637950761707
1428,1.338646298657191,-1.0610098885316577
1429,3.476663990520932,0.6268270559412291
1430,-2.6663403256332967,2.423617648167401
1431,-3.614513571597679,-2.6003622469885057
1432,2.5222676282610643,-1.0462618004003448
1433,3.3234983751077483,-0.237202278995651
1434,1.3874220002690716,0.5746718632056944
1435,0.16391947206954835,-1.2113932046007525
1436,-2.204847480050832,-1.1458665049196401
1437,-2.4937932459444236,0.8264253061040792
1438,-1.732936902315289,0.21237720521988068
1439,-5.414911930112558,3.7419372997773506
1440,1.378133799128262,-1.4168070139565365
1441,2.627192040926212,0.8900360472078336
1442,2.0188353132656975,-3.69436146287325
1443,-1.224390027443551,0.07923571838889429
1444,0.844734467456166,7.232165000763469
1445,-2.8613738997300717,-2.137150128909636
1446,1.8623174620147913,-0.9636737931853883
1447,-1.8735860533465039,1.6899461784300402
1448,1.596081844422839,-1.4562347474934494
1449,1.2509432865126149,-1.3942418571222155
1450,-3.102955468053487,-0.5228286951831579
1451,0.5857161974569064,-0.11320346694548365
1452,3.768960608476909,-1.739016283386359
1453,0.017968543515722493,-3.4826543865599384
1454,-3.4132181661603904,0.5913586643229616
1455,-4.4087486059114855,1.5012585479354692
1456,-0.039174676426923745,-3.1861408125950406
1457,-3.1007264646408315,-0.41100062786537644
1458,-3.0301174260602917,-3.978746738355335
1459,1.4707283450061193,-3.361927395820247
1460,-2.4344296701906054,-0.4767931629044526
1461,-1.818229636949319,-0.24484354374210174
1462,-2.2083778706503336,3.0942210087362874
1463,-0.8487775644939028,-1.6370504718531402
1464,-0.016048678367707476,-0.9097558766626642
1465,-2.3933012278908334,0.5215710713035173
1466,2.2825961037934914,-0.14451191724248755
1467,0.4473783452072344,-3.894599717436057
1468,0.42766537238145297,-0.9689620110771664
1469,2.756966325045904,4.147426701960573
1470,1.313496701527764,0.43299380431700846
1471,-2.4880290170125066,-1.014550252981894
1472,-1.6943056055879977,3.340280322584874
1473,1.791271418693293,-0.6980311837260132
1474,-1.6862766538909437,1.2701728230655875
1475,1.6337092760049938,-0.9216447114674479
1476,-1.229144758522956,0.5205406963901928
1477,0.23011417273358295,-1.2087804216854339
1478,0.16799403700944088,-3.6251784894358394
1479,1.3409201164794013,3.1370098297535915
1480,0.12157445602632654,-2.8252712163601754
1481,0.8388901498950319,1.4902186903517118
1482,1.9301328488539289,-0.6536261155408898
1483,3.399196925080357,2.2999724689714918
1484,1.0171762559873663,-1.4910415600530404
1485,2.6182788312783876,-0.34773607683010144
1486,0.06009210249514442,4.474534537800036
1487,-1.415087084057173,-0.7883181635736528
1488,-1.868347883547741,1.4502548836029074
1489,-1.9333279309403903,3.1789924808557593
1490,-3.449836987597999,3.1099760324767907
1491,2.7111762517189324,-0.6495838642477865
1492,-0.12688587413765626,-0.42866569729722714
1493,1.564845295530384,-3.747463964644989
1494,-2.2506981578237757,2.9241006799768736
1495,-0.23429269301251823,-3.134109424143102
1496,-2.3410647575725063,-1.8018532217654264
1497,1.135142359849796,-2.7826702510533132
1498,1.4377055075006695,-2.8360722625132526
1499,0.6071639765679899,-1.2410375954125714
1500,-0.2824866259196718,0.10026732431276343
1501,-1.2851612833051203,-0.6632579976220749
1502,0.9037485467988969,-1.6061104900629712
1503,-3.831931417773321,-1.5593980279991975
1504,2.345960161968694,-0.5906388680670063
1505,-1.7051761451157397,1.3835430715816959
1506,-0.5396708206791582,-2.7285394043618583
1507,-2.885657320081025,-1.1643374481744488
1508,-0.5389299462822724,-1.387836982361188
1509,0.6434783020497183,-4.143418642700129
1510,-2.252130370717038,-0.6792783061731924
1511,0.027490387298854953,3.733120088890945
1512,-0.6001554843707104,-0.7413292934695782
1513,-2.6387222294178607,1.1561448805816974
1514,1.6843330559338128,-0.7809848527713028
1515,-2.60416244285366,2.3235960838906187
1516,0.5618635551990103,-0.5403554507457943
1517,0.14498861379318229,2.907432896622951
1518,-0.5111521948580099,3.0051414871795616
1519,0.7897289647521378,0.39380233115575325
1520,-0.725704242087151,-0.1079423110389451
1521,-0.5018045409988957,3.710998659808943
1522,-3.134308955730894,2.526087243639665
1523,-2.453793855585002,-0.5240251099740303
1524,0.5329971669791489,-2.8388965134151234
1525,-0.029208557262213233,-3.6970238337117056
1526,-0.017786657222620385,0.11015721607305791
1527,1.3872810984049837,-0.86207450880544
1528,4.609226252611141,0.8631094875172515
1529,-1.5154474804964537,4.402653734280714
1530,0.7977352257388823,-1.6134023567037468
1531,-1.5090606978894703,0.3622215506289911
1532,2.1417757915256344,-2.4353898952074435
1533,-2.1965631659544904,-0.2844066448868323
1534,4.226920105184035,-5.855952162821999
1535,-3.7863531814436646,-3.150564402797586
1536,-1.250101941718807,-0.43781358056387293
1537,-0.9091916106730067,-1.1929195100693206
1538,-2.869267262923374,5.111608066068556
1539,-3.1785821867562656,-0.5001464404652198
1540,1.442719591172246,0.5095903595648132
1541,0.6868879727714483,-1.7192901581326097
1542,1.5280661935002913,-1.3391688415115253
1543,-1.2424266763355027,-1.6789392234981482
1544,5.539477147721062,0.8252404016890278
1545,-1.5317352613819897,-1.7079695512242892
1546,2.970630904279229,1.0755824041425255
1547,2.536543722860528,-0.9803000653908529
1548,0.20981128593569717,-0.8319924491498741
1549,0.00041154650697517933,0.8798778360824392
1550,1.5485553557955039,-2.8631879682563586
1551,2.0780741430846748,2.9344943574200215
1552,-0.8863037817531976,-1.856682263155825
1553,-0.062314510707589754,1.7858806369696292
1554,-0.8331889381290656,3.715568052052709
1555,1.2408319031618074,-1.2657774409038824
1556,2.6320363015560995,3.2952744657291047
1557,-0.45645268099356595,-1.9241686434776544
1558,-2.9939844620548173,-0.5032630015013787
1559,-3.1298103176566365,-0.5750420442723978
1560,-1.8857979724966525,0.2881138637531827
1561,-2.125354466506806,0.3110820888899947
1562,-0.3643218193426604,2.6330668373997903
1563,-3.6218464545865805,1.3766122963061826
1564,-1.6764552671315094,0.9998937813465958
1565,4.765129209878107,0.36346214459664156
1566,2.5389319051869546,1.786893488473462
1567,-0.6178778360791363,2.5417623405924585
1568,-1.933791345084389,0.09240188470393998
1569,-2.234153860129913,-0.9943676170496943
1570,-1.4041942785875539,1.549321345059708
1571,0.1899616090977766,-2.2417268276832343
1572,0.49756379334035084,-2.1097624262306995
1573,-1.8319915345894624,-1.379447185196698
1574,0.9522494357838008,-1.4688849639532155
1575,6.318815817679319,0.8539630620186568
1576,1.9198911631046827,-0.8008295188956054
1577,-2.3258197619942442,5.312266469966442
1578,1.130761753708518,-1.4910920907736571
1579,0.5695519231325452,-0.9597890446493746
1580,-2.3380207657163097,0.16392638256744937
1581,1.2355068509990954,-1.0375420093205225
1582,-2.190333106706069,0.0515638911750441
1583,0.17835947722738385,-3.156519100655899
1584,1.3757736700367047,-1.3435972971618573
1585,-0.32356199038101424,0.48147431265825635
1586,-0.5180799667035174,-3.614468681435852
1587,-3.0896056315599916,2.1220622805334575
1588,0.09946509673573103,0.24315835040599312
1589,-0.2218079026500501,-4.279656019843003
1590,1.3858169254956325,4.31246702563585
1591,5.087744853396729,1.6232515464104478
1592,0.7892904830162296,-1.6141730328436767
1593,-0.5406619001052658,0.08412538408328515
1594,1.4026000276738733,1.646223685618921
1595,-1.5214925691406824,-0.3743207368892104
1596,3.6931938197092475,-0.10650902277953167
1597,-0.2790606138084947,-1.686595306872929
1598,-0.04873226496159391,-3.442594940092036
1599,-1.9205242065122687,-0.2588187873076719
1600,-2.047953347216553,-0.17861952420104765
1601,-0.9208643083736517,-0.6354564321051515
1602,2.237279592956503,-1.5146095000177657
1603,-2.299241275425763,-0.047798358645846466
1604,0.8349638590577014,-1.559810698199553
1605,-0.5267187711882357,-1.0082997611868683
1606,-1.7172753033824548,2.042548398312252
1607,-1.9869221254759508,0.14136893398488556
1608,1.409035060801433,-1.3563086577730805
1609,1.9397088396193283,1.8130349591175337
1610,-0.9495213184514737,2.0622871021931113
1611,0.7181945025953926,-0.8561999444938977
1612,-0.4340296823616094,-2.486959446979111
1613,-2.2595384619913226,-2.2572704450775314
1614,-2.832690739649413,-2.4644108031074614
1615,5.947177508840275,0.7571571077723489
1616,-1.2770557941317953,0.05630305479292302
1617,-1.690222432426505,0.8559690946256064
1618,2.452124526958215,2.406219608027343
1619,-1.5536301698689134,0.609564907772134
1620,-0.48189585153248415,-0.06543089013426605
1621,2.9954238458062457,-0.49943523044725935
1622,2.306727030070141,-1.482066205397508
1623,-0.7764534341929603,-2.991850214462269
1624,1.5233360246742214,-0.9949738546429647
1625,-2.011916698132406,1.787343704749731
1626,2.5248489777924235,-0.18054610938166235
1627,-1.9645919588476548,0.36568601541706824
1628,0.449926466300916,-1.4585889730825061
1629,1.0317623329017482,-1.1597260448209188
1630,-3.334062615381433,0.063884210723257
1631,1.51257428759363,-2.6358620210429073
1632,-1.3658615721733969,-3.5403864982891995
1633,0.005306904524908179,-0.7833154887104831
1634,0.5473404357356972,-1.2994916716446667
1635,3.4525898897201546,2.6659620647444724
1636,2.5167044629691575,0.05298816213915663
1637,2.039399230856008,-1.1841620745392785
1638,1.6148223194952334,-0.333218352548793
1639,1.2202847566557193,-1.3769285673259124
1640,1.659604673031174,1.752855021851585
1641,-1.3883979561134452,2.967308258382432
1642,-2.0408476664058846,-2.670307532023907
1643,2.2237866735674325,-0.9520051378709705
1644,-1.9885079361837616,-0.1860090523124492
1645,4.744870218303801,0.3558287806460815
1646,-0.640715155822514,-1.9029638146521544
1647,-3.1482185302393417,0.0789655027715265
1648,-0.06843252815210579,-1.3811853401494265
1649,-2.3221583502314385,-0.365304048467687
1650,-1.8662072422226714,-0.3483253741949944
1651,0.6319831480308732,-2.537790676123475
1652,0.02453001243221109,-1.5881147327628913
1653,-2.5335128658264954,-0.11441818051464374
1654,-1.8346890774582107,-2.006378759353917
1655,0.8648113186855578,-1.5323981470273171
1656,-2.6011349657063065,0.2894220620374489
1657,1.8563709141841023,-2.550246999778199
1658,-3.9850831527974946,14.974626751556777
1659,-2.117313581314989,-1.5681338964641778
1660,3.9469243790560435,0.4361354564701053
1661,0.6172940024185228,0.913961486419755
1662,0.3531628463948794,-1.683064196106894
1663,2.619607023590531,3.936825944415945
1664,3.0634680484976173,0.05816221350110887
1665,-0.6812930917350014,2.7560999874919814
1666,2.8416823757322653,-0.1772199877406769
1667,0.032693908957570406,1.5409094691945167
1668,1.5968196193050832,-0.40925330592436293
1669,0.4955126221100573,-1.4626440170903205
1670,-4.137193021901723,0.758129570805907
1671,1.7440302466066624,-0.7861095097715811
1672,-1.2025279286463593,1.5956020050681987
1673,1.1783187534466664,-2.4777477251475206
1674,-1.019218283557005,-0.549828168672063
1675,-0.47024339087766376,-0.4543573181099822
1676,0.9850892826650479,-1.5665500171112008
1677,1.472864226891411,-1.3157892775967315
1678,2.204989576619686,2.7581410448155657
1679,-0.1495600389771658,-2.953525766069045
1680,1.2208791432094956,-1.8001711253686086
1681,-2.0398167021887663,-0.8452125836322422
1682,5.017800052899588,2.2698459972797016
1683,-1.417136966272592,0.7804768499402946
1684,1.7842537829208829,-3.0662366759621955
1685,3.232267386900907,-0.11111314921764279
1686,1.4248589392554205,-1.3970675169739075
1687,-1.701445125628208,0.5377922194557737
1688,-2.61195134876252,7.01532387694095
1689,3.8618866580428506,0.43984301661016095
1690,2.517688183271059,-0.852224879962594
1691,0.7670856062745685,-1.6323241732083948
1692,0.7283925172387112,1.3105288371884245
1693,0.6122484080796599,-2.5846564333431434
1694,-2.389036250738891,0.3472361470644132
1695,-1.6123744075493949,0.5258637901405839
1696,-0.7346548035486105,1.2433302869758356
1697,0.821492976943416,-1.6957371306256896
1698,-0.7841210662834226,1.5939889588900544
1699,-1.7168578458605819,-3.070051951015782
1700,-1.5048985495848899,4.758452679084028
1701,0.8876816749858407,-1.496197400158106
1702,0.06633878892955163,-3.533333704590127
1703,0.8338759043103037,-0.5678468601155495
1704,0.7491168558051823,1.3559662668792845
1705,1.5052786302102477,-1.3116496106266016
1706,-1.0661777579990397,-2.234618115345367
1707,4.370507821062781,1.5470597479545178
1708,1.3912878606789334,-1.0748580575002282
1709,0.9266533418759426,-1.4878840098543105
1710,3.9130715388545494,1.089621616505876
1711,-1.6017116741185375,-0.9197683707548046
1712,0.4150590104682456,-2.0245932455790854
1713,1.4758564004841452,-1.0568664223944106
1714,1.2846817557005579,-1.2280531555887397
1715,-0.6049356314662594,3.8208205042342285
1716,1.5624192839575684,-1.3721139431202283
1717,0.7461919141158534,-3.5994802266190558
1718,-3.7135942679984852,6.028953177038339
1719,-0.9784275872129086,0.42088322832511854
1720,1.4429440439842296,-0.9933220704271059
1721,1.1064738815601216,-1.4017298581808593
1722,0.06587950684378148,-3.4209410675538767
1723,0.926208673322675,-1.4253901641037228
1724,0.17417069162018112,-0.8991430030564045
1725,1.8771505697887954,-1.4085286615078563
1726,-2.6792963834382917,-0.6075147237868196
1727,1.9417025617526542,-1.544787986391846
1728,0.43412499005429944,-3.0873584415572757
1729,1.293190010179148,-1.1376734385603497
1730,-1.9090520799625845,-0.22283408454356948
1731,0.21278299729914962,-1.333989888481679
1732,0.2905598481658426,-1.3540565622467384
1733,-3.967775894582569,-1.7229829719642669
1734,0.08816771524010035,-2.876543508499892
1735,2.507424776847674,2.5886976442221847
1736,-2.36198551060515,-2.540616450704012
1737,-0.031853011973143476,-0.9611914211150897
1738,-2.080536836903819,-0.7278257867529114
1739,-1.5096125316218214,2.5133558510759544
1740,1.933270954620949,-2.624422219539776
1741,-2.52132561915715,-0.23030817391289643
1742,1.2692521876508231,-0.9380144198595082
1743,-2.8409375163335056,-0.4711462917217482
1744,-0.02203878688184505,-0.06807159863758783
1745,-0.09083518680647279,-0.7864035892311786
1746,5.87992951012093,0.31948033125933956
1747,-0.7727868383238735,1.2849927179244247
1748,0.7736301590846388,-1.313746425528212
1749,-2.801330199142746,0.7868803821827037
1750,-1.1950470642910778,2.5308251909610147
1751,2.582265556597813,-1.167911529550914
1752,1.4013593180341426,-1.0930733647152733
1753,1.1493340636766907,-0.9087751035521933
1754,-0.004977160823003212,0.23756115106683726
1755,-0.09214566636354556,1.8637201534594106
1756,-0.21983012750952236,2.762978147551488
1757,0.6617963336887277,-3.0040383034396276
1758,0.6716179903809097,-0.7990616017193781
1759,0.31518469771910573,-2.6585557302866136
1760,-1.1118917935786452,1.8812930257950937
1761,-0.9005353463133459,2.5554609962556505
1762,1.129621457659498,-1.2867914206731788
1763,0.1658600467188837,-2.5807607637240473
1764,-2.9476509652673775,-1.7005316731735622
1765,-2.018027377918382,2.01365880354173
1766,2.1506562611047593,-0.612058539475907
1767,3.0438334510521488,-0.3360886178770627
1768,2.674636357409104,-0.5945488045636995
1769,-1.7941071415109267,2.7820786016202836
1770,-0.01445634915049126,-3.482713391459332
1771,-1.9456185763168818,-0.021795676334875065
1772,-1.966106656423977,3.3248890675900657
1773,2.179680044771455,-1.2311534196600642
1774,-2.8014967256360697,4.170932213391703
1775,1.4495080147169785,-1.1333624277411056
1776,4.456025187785896,-0.9605206138400352
1777,-2.58963110488119,5.842621094829717
1778,-0.8624451401378387,-0.5486000883884746
1779,3.0492971763031163,-0.1182836511128698
1780,1.5882907487184725,-1.0577511066237815
1781,-0.8296371164022506,3.2695404907432675
1782,0.260892581284575,-0.6903178979521395
1783,-0.556311887561944,-0.7880821626108168
1784,1.9330977888028902,-0.17122705197229585
1785,-1.2026128403135579,3.2162564302476198
1786,-2.3749361076300195,2.3993874510411626
1787,1.2809547301094732,1.0492409499343214
1788,0.18027204870422447,-1.2965663201281539
1789,-1.11309183163904,-2.2150828176722936
1790,-1.568476887373755,0.44993351690454825
1791,-2.330876616340566,1.628212543509268
1792,2.1170893278648766,2.4199101743209837
1793,1.9303086201907134,-0.8915108363681638
1794,0.6958019295695257,1.032096121794178
1795,-0.42547023425419045,-2.4262874581538743
1796,-1.925214001715648,-1.2277572168393793
1797,1.1373173325695134,1.0898014518937547
1798,-1.6421724827310684,-2.283185402049358
1799,-1.3904634885318405,2.7466212977013607
1800,-1.426182129944833,-1.7343349297805835
1801,1.320200601345726,-0.35360208731785053
1802,-1.2712461714744963,-1.8231669087988929
1803,-0.37746659554262574,-0.9869257366146156
1804,0.6476014047322117,-0.9579957205227521
1805,1.9395485516502844,-3.621304640331812
1806,-1.7803976654395546,1.986753068544329
1807,0.9834550943210398,-1.3383690964751673
1808,-10.390837111573992,7.116070201915612
1809,1.1857113370664127,-1.1598681929932493
1810,3.491947687909061,-0.05666619793096548
1811,-0.28058269976355193,-0.37651459343854493
1812,1.2210923222162313,1.081681021060639
1813,-0.34117886682858534,-0.12370420904232365
1814,-0.7688392854552558,0.8273616493313868
1815,-0.5823274481040809,-0.900654170238133
1816,1.5383168924871717,-1.1004764279587715
1817,-2.3473640786690173,-0.7497920839168111
1818,0.8163149145311496,-3.1753818567764913
1819,-0.24383692358286801,0.8711715443052604
1820,-0.7908207859889693,-1.9637450562239254
1821,-1.483410074471849,-0.4561547580706426
1822,-1.0621657601070178,0.0430831573678808
1823,-2.6305800007003954,3.2085499717380577
1824,-0.13744798918304563,-3.734944245419878
1825,2.7204006181780054,-0.7431791351269575
1826,1.2376909425823075,-2.4707722646246926
1827,-5.668906426843284,5.8162134159687495
1828,-1.9185751751293905,1.8702377965095
1829,-0.6805979529598333,-0.29021499948724233
1830,-0.08530920907795636,-4.111550040041774
1831,-0.7149643429759546,0.7736384958513782
1832,-2.4157634690352756,-1.7532968840039511
1833,0.5847087509898539,-1.4064454812256884
1834,-0.3753861702878765,-0.13029607670923443
1835,-1.297165626917374,0.30220481320204795
1836,-2.571162178549084,-0.9652371051911884
1837,2.69961478484981,-1.097721746654426
1838,-0.2907565522417371,1.5994461208064321
1839,-1.696567770235423,-0.4319291328822737
1840,8.431059724731922,2.69441186190875
1841,-2.0150343635963233,-0.7260298707526337
1842,1.8112208383661075,2.139516593870841
1843,5.227065946531235,-1.696645454545787
1844,0.8912067780749746,2.3220401159039468
1845,-0.6770333168716808,-1.814768977965011
1846,-2.640161692618646,-0.6076375840387006
1847,4.8332567903098145,1.0938353406058787
1848,0.1629449183996888,-0.7739037662628439
1849,-0.29248772706270076,1.7314712752859203
1850,-0.30704417573990367,-4.0430407398808486
1851,-0.7236459849815003,-4.115462077271816
1852,0.8418751732637783,-1.5593591568747645
1853,1.5228743877529936,-1.2548235774480603
1854,-1.794650890470719,-0.5990592314572899
1855,-0.5560823642991214,2.1391595201717726
1856,-0.3172596789785257,0.8371918483633318
1857,-4.099014959582852,3.619050073657194
1858,1.5758386180420603,0.297034555658679
1859,-1.4309290323280868,4.104389788069026
1860,2.0980712872248235,-1.1587979209790804
1861,-0.8492390519127527,2.144066963233286
1862,1.9072861317093686,-0.9071828606799966
1863,0.14957457224016932,1.0476826990084314
1864,-0.7235105207999574,-2.371429865856405
1865,11.55490116168531,3.7488140890454296
1866,1.1750868842294702,2.6068955923541828
1867,-0.3956882812521423,-2.992056799529568
1868,-2.532031088948778,2.034198175570412
1869,-2.570067535397406,-0.014645498801887051
1870,1.9213140139072777,-1.2255717390148766
1871,5.031162676188449,1.4052076562050315
1872,1.8909268778232784,-0.926076906829461
1873,3.0075662682000153,0.19013147315717055
1874,1.061226565496175,-0.26147016898811365
1875,-0.5667990161185305,1.8806961140939273
1876,-3.6427599192298143,0.8700226464419527
1877,0.11630807447348956,-3.1925954401044674
1878,-0.8914842723335265,0.557462153857404
1879,1.244498207252912,-0.8572065921819707
1880,-1.0973117429387378,-0.6566802336995227
1881,-1.8646672616711146,-1.4696712091003261
1882,2.4509575495704157,-1.5008180468899621
1883,1.3148925890663028,1.7553546784973435
1884,-1.5616371430654645,-3.090098351538719
1885,-2.866727612086558,2.5006166781246484
1886,0.8023239417707774,-0.43988606335715974
1887,-2.3170791618980937,0.22842435547023443
1888,1.0105565492964717,-3.5905970570825945
1889,3.2643517444593684,1.2883072569734755
1890,0.09879021427890582,-2.9989390652434573
1891,-1.3305034657453545,-2.4033373094508828
1892,0.00785926801718387,0.19045110136932528
1893,-2.054507452801838,0.5060469906225384
1894,-1.805237087918341,0.391291829395747
1895,0.7870571799297885,0.09347920481738976
1896,-1.0031209618066301,0.7225428351898093
1897,-2.1645368857327796,-0.44373858091363005
1898,-1.6342231332320707,1.0866810973594925
1899,4.333611738655861,-1.0376090103350786
1900,-3.8049689424632978,-0.9531950732472813
1901,0.03001046963601624,-1.6983075849291502
1902,0.07283200612280095,-0.13203525075014994
1903,-1.3312588335016897,-1.0528636717105544
1904,-2.1611620443682433,-2.1651003523346843
1905,3.9015029960552314,-0.5861177820813045
1906,-1.4372536316154865,-0.762315037255218
1907,1.0169144764594884,-0.6564982433118726
1908,-3.2022025205797475,0.3899805754810083
1909,-0.10499295739519238,-3.7009944732895277
1910,6.951215091474486,1.1913239926070613
1911,-1.4490505307639967,1.1218796104215263
1912,-1.5185024696185712,-1.073744801265388
1913,0.8635164994538191,0.8336692774430607
1914,-0.4085785640875145,-0.8673669620519432
1915,-2.937840339269505,-0.08846594899212828
1916,-0.7889819779008951,-2.4897575950845945
1917,-4.062104931195952,3.897887628820659
1918,0.8372858113150696,-1.5505854275696935
1919,-3.462926806468656,1.5716232155672312
1920,-1.8485303417006536,-1.943813539156815
1921,-0.2245631124606532,-3.11710090509494
1922,-1.8818312697283783,-2.188866028529846
1923,-2.9150242809786486,0.795676474549621
1924,-1.0675896670088605,0.3404986087080342
1925,0.3323553309768637,-1.5879903051894935
1926,-2.7437229115297255,2.5754049211701933
1927,0.9473452692953505,-1.7035523409756919
1928,-0.9540157753268634,-2.1234298312729787
1929,1.0574612573221547,-1.6646150602651493
1930,4.9872442325967725,0.5183085567160113
1931,-1.414666765469176,1.3135871614658534
1932,-4.404132023317535,4.89173489126304
1933,-2.369966133012797,-1.8219333023834352
1934,1.4444194754933393,-1.3802309981649743
1935,-0.6848252514995242,2.385616691237736
1936,3.4694545795948755,5.139476284284911
1937,-3.318455875678769,0.5274489963292592
1938,-0.04491581311976227,-0.2834218866361143
1939,-2.5184344234099205,-3.8629101910274923
1940,3.8691701090842225,-0.07379058268343981
1941,-3.1860935696820167,-0.7548913410107032
1942,-2.236172469881014,-0.48305001961655114
1943,-0.6523303410187948,-0.23283142342401744
1944,-1.971375598279325,0.13564460807604065
1945,1.4041642113182022,-1.3793068444265413
1946,1.1079436442438848,-1.0292617109951911
1947,-3.542626399347184,-0.9730199431444585
1948,0.686998082477389,-1.6229055999386908
1949,2.9661578244630853,-3.007330708657269
1950,-1.608988466130895,1.3397030142373723
1951,-2.590025395822948,3.843492144018743
1952,-0.6498092434813744,-1.6021994220684754
1953,1.0314132726583505,0.021502076006197284
1954,-0.09031461517495884,-3.507375010270623
1955,2.161312926665881,-1.8649865988873096
1956,0.08621950720840794,-1.6911514576439421
1957,-0.1795244027547932,-1.8956187911643045
1958,3.7914424729258043,20.39196228604143
1959,-1.1093980449962058,3.8705593244722927
1960,-1.007668737164338,-3.7949808410623365
1961,-0.9286062341836784,-1.0402045159308684
1962,-0.7213775038875452,-2.1479052027179306
1963,1.0842410386980381,-1.5674074516287366
1964,-1.7667912320782222,0.18118000107574084
1965,3.625815338030119,0.31374975369572433
1966,0.9605163173429808,-0.5087797256192211
1967,-0.04245990175093399,-0.13450723391300376
1968,1.11957597597523,-1.092120862933089
1969,-0.08405068836059788,2.354641354683865
1970,1.6736501693636137,0.94443520873843
1971,-2.9535899401097834,2.195662977819604
1972,-2.2309439079151994,-0.49956642625899655
1973,-3.286202968418178,-0.3975633618207299
1974,-2.2202150680555786,-1.8411749540959617
1975,0.4954245463238241,2.122356671657387
1976,-1.6781626454117338,0.6427551676375611
1977,-0.5755580826933524,-3.4099601942909157
1978,0.22699939043525583,-1.3489358376917713
1979,-2.306106650483614,1.2772981690611
1980,2.7722647513993857,1.8124698822510497
1981,-1.3807203301747757,-1.02700001361358
1982,0.9411573783129249,1.004964759032076
1983,-0.9847827573318834,0.011023747678916517
1984,-1.521928797686374,-1.2245565761920585
1985,-4.048281048388956,-0.7280059915841842
1986,-0.7816958825117236,-2.394879045901395
1987,3.3307622168952467,2.167893505648273
1988,-1.0463253183480554,-1.6733140639656798
1989,0.28655980865005826,-2.7031775632562662
1990,0.8124804993422489,0.0684856596185395
1991,2.0002505497491008,-0.07971260048935258
1992,2.355741803022799,-0.8675339469057557
1993,1.1126815205979923,-0.6099024988250313
1994,-1.987464859085606,-1.9672399269407785
1995,1.2697550079312012,-1.38008230417412
1996,-0.4274687184017733,-2.7964533232395974
1997,0.5955907271848926,0.2901481369544339
1998,-1.232512238527712,5.527749456042956
1999,-0.4478731245595992,0.5100228237571917
2000,1.5705686134991403,-1.1227958979199675
2001,-0.9065092855090735,-1.8360333388912085
2002,3.340461076069904,-0.5189031451753484
2003,-0.3821170903715246,1.813551871521217
2004,-0.1911267820712443,-0.7341649652645148
2005,0.24730260800170117,-3.7901570426721847
2006,2.122815818583898,-0.7524891165187746
2007,0.44959162857301377,-0.47723007170649756
2008,1.9682675646453345,4.319713542222483
2009,-2.5338960936297608,1.6022802315929061
2010,-0.19510605318850274,-3.079159331982257
2011,-1.0383082678929032,1.8215576287630215
2012,4.148819071347054,0.31550211755982277
2013,-1.064926867503904,0.6082967056466366
2014,0.8053793273390201,-1.5486045688285666
2015,-2.857160934683968,1.7274408827833534
2016,5.589518015943578,3.3908190437705525
2017,-1.2128649861156813,-4.081640395532115
2018,1.6626706084568572,-1.3150767111230894
2019,2.460733439495156,-1.79090996977545
2020,4.687493392246453,2.9478386857087617
2021,0.7217630223195831,-1.2511015296236692
2022,-0.6060501775230134,-1.796667482965555
2023,3.263648184984483,0.33709797818711834
2024,-1.8439406119018422,0.5667011492611017
2025,0.5953912883230553,-0.975173787557601
2026,-2.9119245354027594,4.685335856485257
2027,-1.3673727606428832,-2.1201193414603865
2028,0.2054830723172792,-1.0390665204880847
2029,2.677056500349241,0.707633386947552
2030,-0.7274870519076336,-1.9694434823453428
2031,-1.170335106415984,-1.2922279466985254
2032,0.6469866342529225,-0.19606742779657194
2033,-2.372705051490703,-0.6541774704597675
2034,-2.8364692112953334,1.8608901249692353
2035,-1.5563092501013274,0.017614823336597408
2036,2.00702992784284,-1.1509754697485872
2037,-2.946476742937364,-0.09185713956288864
2038,-1.0963052599075334,-1.5094983264149626
2039,1.6003040421642587,2.4570689333691416
2040,-2.6146921349840877,0.35016873057240283
2041,3.420296000688696,-0.14856134454859027
2042,-1.8117865504779702,-0.38013867599133755
2043,-2.685996828427179,0.5177177205502654
2044,-2.7778490718508806,-0.24519845833383938
2045,-2.9454643491121,-2.1740826049607134
2046,1.1103168053295167,-1.638094271145183
2047,2.3752969589219926,-0.4896854854871921
2048,-1.7983040967213104,-3.0038381942257457
2049,-0.8173385570489998,-1.3469289030199567
2050,-0.9754987076464735,-0.5069560589102202
2051,3.6841310065097743,-2.586129195759108
2052,-4.097745035040806,-1.902468072885236
2053,-0.20929818640886486,-0.16022365700918406
2054,0.904418373099701,-2.58169646376859
2055,0.8364333363135813,-1.557284450091111
2056,2.4172769794652935,1.2866090974368896
2057,-2.3991373059690475,0.5741295911952772
2058,-2.01622881501389,3.8076273954393907
2059,-2.2411211218765446,0.6363293063507606
2060,0.1207690957427416,0.13255409342438848
2061,1.0940464092622866,0.9322165403870464
2062,1.8145921696794003,-1.2492814402024928
2063,-0.33056901666546334,-0.28184961987296453
2064,-2.162292459226005,1.4165826936819104
2065,-1.6954193168387643,-0.5379306401525623
2066,0.33490264764342015,-0.4118100843696945
2067,-1.1448436325437383,-0.1355695751953266
2068,4.387057001730631,-2.6013126969751
2069,-3.6862095369094297,1.512866018279351
2070,0.23121006777082798,-0.39204645454202386
2071,-0.1481167172773462,2.731139783697692
2072,1.536554881557361,-1.2575586212846261
2073,-2.4748229889776288,3.1952728017844243
2074,1.5655767175577195,-3.240365568493222
2075,-2.7906553522307793,-0.2255215327244811
2076,2.0823137412976873,-0.6838830015838266
2077,3.799437757999849,1.922666199428941
2078,0.6763683740496957,-0.8014228574035092
2079,2.8919726374469814,-1.0369763299061192
2080,-2.0226641524826943,0.20079853174108686
2081,0.40171466989181753,-1.5861249567525095
2082,-0.22744315679604118,2.4474901795852646
2083,7.371445066858316,1.4071342820082238
2084,-1.5732762233016393,-0.5209378281010911
2085,-3.9173401965470123,1.621326132794928
2086,-0.974615446727571,2.6525803995444943
2087,-1.5503659074995784,1.8510497507277073
2088,0.5966009562460269,2.4574365293647142
2089,-2.107252923347584,0.24299749103297263
2090,0.8091536205467896,-1.6007849599832469
2091,1.4894295694941124,-0.9225928459791427
2092,-1.625120598264838,2.298869279950461
2093,-3.754932779783819,0.8773143507707586
2094,-3.948399081451584,3.6126643850333884
2095,-1.2027050467849665,2.824512704212205
2096,1.9589815624731315,-1.2061237983444764
2097,1.0645583021043667,-1.3308470318887367
2098,-1.2899714396300817,-3.814160613472816
2099,-2.0516448049141793,-1.2170793585764614
2100,-0.37446407890072947,-1.6731524856587607
2101,-0.9814197663875815,-1.7818858835773446
2102,-0.09006159622319386,-3.327316948401212
2103,-0.7583119382900785,-0.8929307526914446
2104,1.7749268530222966,3.3417997748519332
2105,-0.2669933776027042,-1.2932821174622962
2106,-0.18876722510491828,0.1327134090863481
2107,-1.428882542897355,-0.3616047840246811
2108,-2.1664989454284407,2.706532396797064
2109,2.9665599972092216,-1.766115061651679
2110,-0.9046056608641538,0.11811255193450736
2111,0.516711487204998,-1.743194535144255
2112,1.6659824084951773,-0.8810334491137485
2113,-1.0516966894651616,-3.1575648038447026
2114,2.8854037477747903,-0.8391890425055241
2115,-0.031598022737664995,-3.454551239619361
2116,-3.2178301412847308,-1.3421679636921569
2117,-1.6181180197528449,1.8167056486583015
2118,-0.5830449925703483,-0.4477824849325563
2119,-2.772218987690906,2.022236123014061
2120,-0.3420284187733054,2.269953698595433
2121,-1.4060525745780814,-1.0206635595649143
2122,0.578522081320753,0.19274254501036234
2123,-1.0342933364362512,4.4442332751848594
2124,0.6125634212327065,-1.5278517837182277
2125,1.5413520892453259,-0.4237683789727047
2126,0.5954758002436809,-1.2525304330196354
2127,0.4626695011512492,2.053820262289061
2128,0.15535233147314406,1.2485379772872427
2129,-0.267535656651481,-3.728620689492139
2130,-3.4408158778261084,1.3084548383518397
2131,-1.7813943554142142,3.3768211171094085
2132,0.5837038057218479,-1.495569271524282
2133,0.8380512813256777,-1.696569312987654
2134,-0.5175349554035126,0.4305727065651181
2135,0.11646574388578307,1.543355968529182
2136,3.1449411101911378,-0.6692813595205345
2137,1.1072474602984792,0.7279082389297215
2138,0.6185436212397373,-3.043639445471634
2139,-3.8696873256020625,-1.1655905931357433
2140,0.8007913835617989,-0.2440212305576627
2141,8.122865921765886,1.6216846355905083
2142,-0.7305165361050809,2.6199587230672825
2143,-1.6438349006800117,2.0051479792530382
2144,2.0216362982051788,-0.8842462297336282
2145,-3.9382549811987193,-0.9985699107167397
2146,1.2877597991313943,-0.9304299137568585
2147,1.4862692134193545,3.9218317711122763
2148,2.2936609934505063,3.014124737425266
2149,-3.27535044471663,0.484948791167541
2150,-2.0068092357266036,-0.16867914970315379
2151,0.9474510394660463,1.5067758756919087
2152,-1.1918405080507384,-0.4016353974411137
2153,-0.033541817603329964,-3.29114857654189
2154,-2.3129413742368023,6.669698906399399
2155,-1.9213436103468706,0.21523351272203625
2156,2.4285141742000875,-0.14541883153055465
2157,2.480372506129734,-0.06335852045379352
2158,2.8487782511432265,-1.3797723749169784
2159,-1.0627147232627787,2.385134431149527
2160,-3.335609996063033,-0.36532898744856224
2161,0.8972753269782856,0.824875274271477
2162,1.2756200551093397,1.5367711208009422
2163,-2.487452268894816,1.9470299154162176
2164,0.49263788782750456,-0.4059147319649941
2165,1.213338875851858,3.5281275354909427
2166,-1.2406621646597944,3.3752182049483372
2167,-1.0265212552490146,4.457711129905984
2168,0.7989095041469091,-1.4005376407316885
2169,0.1336355489790927,0.40948500545678185
2170,0.12572562191620273,-1.0605762640549004
2171,0.6069691893598138,-1.3701363811615017
2172,1.5497639423788605,-1.0201410846968422
2173,-1.1483002002177294,-0.3681000259862825
2174,0.9778475215404246,-1.5346475000931472
2175,1.4898784551689388,6.873133534956627
2176,-4.033587380720509,0.7631812684439806
2177,-2.1426536601712294,-0.1980462379179207
2178,3.557486703052623,-0.7450468893282225
2179,2.0668616415484244,-1.2823014589995612
2180,0.26407980598496045,-2.5309681064002594
2181,1.5812527836838393,-1.4324479349458938
2182,2.997286455498346,-0.07090058175791392
2183,-2.5191539186228034,1.8072587756790144
2184,-2.044427041642591,-2.4307721027072122
2185,0.7459892435162012,-1.611557023087467
2186,0.20846406047227808,-0.5444339415444881
2187,-2.5681272249822733,0.8491437001386207
2188,2.4973873201988805,-3.0361924913519407
2189,0.4438388074114406,-3.5242022991797834
2190,-2.3914965069178757,2.7253575667090795
2191,-2.4270183923085398,2.2619248033860195
2192,5.642465356886193,-0.7015989915398826
2193,0.37180326817188714,1.0116654782194354
2194,-4.693334611312501,1.5998657373222853
2195,1.109408076588485,-1.246030142598677
2196,-1.1784933373319564,-1.9153465416844715
2197,-2.861335866055528,-0.566370631954582
2198,-2.0032672829770033,4.39704008664637
2199,0.8572054946809593,-1.515640354671608
2200,-0.8263223416175993,-0.7867727011047717
2201,-0.09858272985916167,-1.5219713712846719
2202,1.9824643782073466,-2.5836234932975968
2203,-2.0545931693362576,0.6762697656322563
2204,-1.7938482213268954,0.13093538171174182
2205,-1.3870409751682407,1.4075911717516982
2206,0.23002260636585803,-3.1330833450080617
2207,0.3683625482146978,-1.7824805625630917
2208,0.8188888367874251,2.8927921578191444
2209,2.945411435119295,-0.44859279411986086
2210,1.0822408680728475,1.962664170787113
2211,1.9870927938367955,-1.9936036257748337
2212,-0.9754511194866203,1.9736037475685955
2213,1.137279402384894,-1.4823726479428134
2214,-0.4297059936295285,-0.9272906220057161
2215,-1.7993559593482442,0.31372362773492624
2216,-0.30388212124277303,-1.8874306512377554
2217,-0.992872124439104,-1.5878458312623376
2218,4.338548314950126,0.46969140240496476
2219,0.8116726416514827,-1.036801393454304
2220,6.633191020903098,0.7781022778843851
2221,-3.289307165968733,4.338695895919283
2222,-4.353079003980847,5.627162688289133
2223,-3.5174688668873912,0.19095487983437515
2224,1.0027215128269866,8.677065346555345
2225,-0.657151899108258,-1.0915020620730376
2226,4.981966663391637,0.1581799146521775
2227,-0.5712209579188009,-0.3593516185692299
2228,-0.9481463874838759,2.9521471236933308
2229,0.1752648321203924,2.5777379884725966
2230,-1.6366412224781568,-2.78016379786374
2231,0.27180996219984055,-0.7726380058467859
2232,0.9785881673440556,0.5654649614137399
2233,-0.17715604470036375,-2.0518099833559593
2234,2.51332444733745,-0.3822953878152392
2235,1.4467091695883332,3.760850292183345
2236,-1.665905983113251,1.8013348458364196
