,TENURE,BALANCE_FREQUENCY,MINIMUM_PAYMENTS
0,0.2893213201637122,-3.0496225061621627,-0.3724002759942053
1,0.2893213201637122,0.4605215426562709,0.8297323649653382
2,0.2893213201637122,0.4605215426562709,-0.16782857492639658
3,0.2893213201637122,0.4605215426562709,1.263524358280422
4,0.2893213201637122,0.4605215426562709,-0.22619411939071096
5,0.2893213201637122,0.4605215426562709,-0.3103137172634341
6,0.2893213201637122,0.4605215426562709,0.1342908400219948
7,0.2893213201637122,0.4605215426562709,-0.07750118717226437
8,-4.392253439766917,-0.2289700903096924,0.018211172828416205
9,0.2893213201637122,0.4605215426562709,-0.2630538660792462
10,0.2893213201637122,0.4605215426562709,-0.26646099661566197
11,0.2893213201637122,-0.8557806657332955,-0.3359927297515271
12,0.2893213201637122,0.4605215426562709,-0.16070737096770235
13,0.2893213201637122,0.4605215426562709,-0.03778299549760924
14,0.2893213201637122,0.4605215426562709,-0.22749594930949
15,0.2893213201637122,0.4605215426562709,0.25217401403204376
16,0.2893213201637122,0.4605215426562709,-0.25820577715223725
17,0.2893213201637122,-3.0496225061621627,-0.3803804291166317
18,0.2893213201637122,0.4605215426562709,-0.13551743003165584
19,0.2893213201637122,0.4605215426562709,-0.14857582854250698
20,0.2893213201637122,0.4605215426562709,0.8285257692233142
21,0.2893213201637122,0.4605215426562709,-0.2820015970530056
22,0.2893213201637122,0.4605215426562709,-0.2905232986775323
23,0.2893213201637122,0.4605215426562709,1.3207130115792731
24,0.2893213201637122,0.4605215426562709,-0.34591900764559835
25,0.2893213201637122,0.4605215426562709,-0.129209946144358
26,0.2893213201637122,-3.4883899089586845,9.920215814229568e-16
27,0.2893213201637122,0.4605215426562709,9.920215814229568e-16
28,0.2893213201637122,0.4605215426562709,-0.02583857528332203
29,0.2893213201637122,0.021754139859748795,-0.3776787729970629
30,0.2893213201637122,-1.2945480685298172,-0.39135103033970936
31,0.2893213201637122,0.4605215426562709,-0.34155894825448324
32,0.2893213201637122,0.4605215426562709,-0.22224066232690887
33,0.2893213201637122,0.4605215426562709,-0.3721776403479095
34,0.2893213201637122,0.4605215426562709,0.9492256491188082
35,0.2893213201637122,0.4605215426562709,-0.333966209621443
36,0.2893213201637122,0.4605215426562709,0.3035716849271892
37,0.2893213201637122,0.4605215426562709,-0.1909383568072197
38,0.2893213201637122,0.4605215426562709,1.8233907718851068
39,-3.455938487780791,-1.349395803796729,0.20852758615088784
40,0.2893213201637122,0.4605215426562709,0.10468513147810472
41,0.2893213201637122,0.4605215426562709,-0.24875086619332645
42,0.2893213201637122,0.4605215426562709,-0.014105515083956688
43,0.2893213201637122,0.4605215426562709,-0.21875860625440502
44,0.2893213201637122,0.4605215426562709,-0.2209799488406159
45,0.2893213201637122,0.4605215426562709,0.016667898617633844
46,0.2893213201637122,0.4605215426562709,1.8369401882308576
47,0.2893213201637122,0.4605215426562709,-0.3713610778597687
48,-1.5833085838085394,-0.02212308306452894,0.243915951643574
49,0.2893213201637122,0.4605215426562709,-0.2192853860836672
50,0.2893213201637122,0.021754139859748795,0.32344544294838695
51,0.2893213201637122,0.4605215426562709,0.44768592853325706
52,0.2893213201637122,-1.7333154713263392,-0.4096322455932206
53,0.2893213201637122,0.4605215426562709,-0.01650697905743093
54,0.2893213201637122,0.4605215426562709,-0.056377621253337964
55,0.2893213201637122,0.4605215426562709,-0.047076776194866006
56,0.2893213201637122,-2.6108551033656413,0.006504440056676163
57,0.2893213201637122,0.4605215426562709,-0.31928302480503506
58,0.2893213201637122,0.4605215426562709,0.08370156271665319
59,0.2893213201637122,0.4605215426562709,0.021352362543828902
60,-4.392253439766917,-3.6764330815857655,9.920215814229568e-16
61,0.2893213201637122,0.4605215426562709,-0.4221325809167016
62,-4.392253439766917,-0.2289700903096924,-0.09734180043869517
63,0.2893213201637122,0.4605215426562709,0.13200962166274496
64,0.2893213201637122,0.4605215426562709,-0.20775120305401426
65,-4.392253439766917,0.4605215426562709,-0.2426091645344289
66,0.2893213201637122,0.4605215426562709,-0.1848801699473124
67,0.2893213201637122,0.4605215426562709,-0.36056282255025257
68,0.2893213201637122,-0.4170132629367734,-0.3925564264924064
69,0.2893213201637122,0.4605215426562709,-0.36675802945124136
70,0.2893213201637122,0.4605215426562709,0.34193720290271823
71,0.2893213201637122,0.4605215426562709,-0.27927092256263464
72,0.2893213201637122,0.4605215426562709,0.05858459747573772
73,0.2893213201637122,-3.0496225061621627,-0.3932180859090822
74,0.2893213201637122,0.4605215426562709,-0.2708543791750416
75,-0.6469936318224137,-0.4170132629367734,-0.19282269307080965
76,0.2893213201637122,0.4605215426562709,-0.3705743881956753
77,0.2893213201637122,0.4605215426562709,0.005717042838200032
78,0.2893213201637122,0.4605215426562709,-0.2721764160743751
79,0.2893213201637122,0.4605215426562709,1.046996580649831
80,0.2893213201637122,0.4605215426562709,0.6325518435670906
81,0.2893213201637122,0.4605215426562709,-0.22094350826500267
82,0.2893213201637122,0.4605215426562709,-0.10896786387799293
83,0.2893213201637122,0.4605215426562709,-0.3723065504535193
84,0.2893213201637122,0.4605215426562709,-0.23796573266282656
85,0.2893213201637122,0.4605215426562709,-0.2941906211555914
86,-0.6469936318224137,0.4605215426562709,-0.00688893919905508
87,0.2893213201637122,-2.1720877005691186,0.4669101023259378
88,0.2893213201637122,0.4605215426562709,0.7380711939941781
89,0.2893213201637122,0.4605215426562709,-0.3236851796155192
90,0.2893213201637122,0.4605215426562709,0.7128590215164373
91,-4.392253439766917,-1.6079533562416193,-0.4139250680025533
92,0.2893213201637122,0.4605215426562709,0.582238374213268
93,0.2893213201637122,0.4605215426562709,-0.18301849423109115
94,0.2893213201637122,0.4605215426562709,-0.3639662018285185
95,0.2893213201637122,0.4605215426562709,0.028177355874733412
96,-1.5833085838085394,-0.02212308306452894,-0.3796772232451941
97,-5.328568391753043,-1.1482922675976432,-0.35573803717082364
98,-1.5833085838085394,0.4605215426562709,-0.3114651471454296
99,0.2893213201637122,-1.2945480685298172,-0.36336576568967227
100,0.2893213201637122,0.4605215426562709,-0.1149526318046789
101,0.2893213201637122,0.4605215426562709,-0.05091485665553006
102,0.2893213201637122,-1.7333154713263392,-0.4100481559204309
103,0.2893213201637122,0.4605215426562709,-0.3172654761798759
104,0.2893213201637122,0.4605215426562709,-0.34732860236659474
105,0.2893213201637122,0.4605215426562709,-0.14077449708280612
106,0.2893213201637122,0.4605215426562709,-0.009730711418430337
107,0.2893213201637122,0.4605215426562709,-0.3651657779397769
108,0.2893213201637122,0.4605215426562709,-0.1219192900272034
109,0.2893213201637122,0.4605215426562709,-0.3690226523054321
110,0.2893213201637122,0.4605215426562709,-0.3630920768431978
111,0.2893213201637122,0.4605215426562709,-0.0462875211378346
112,0.2893213201637122,0.4605215426562709,-0.3282748526030496
113,0.2893213201637122,0.4605215426562709,0.3355838215078451
114,0.2893213201637122,0.4605215426562709,0.1241960965808547
115,0.2893213201637122,0.4605215426562709,-0.3469254402174874
116,0.2893213201637122,0.4605215426562709,-0.3746554353085267
117,-2.519623535794665,0.4605215426562709,-0.2446790035633355
118,0.2893213201637122,0.4605215426562709,-0.31482106640019186
119,0.2893213201637122,0.4605215426562709,-0.21678845208197706
120,0.2893213201637122,0.4605215426562709,0.05368265207094888
121,0.2893213201637122,0.021754139859748795,-0.2721528853164437
122,0.2893213201637122,0.4605215426562709,-0.24808052957775126
123,0.2893213201637122,0.4605215426562709,-0.31260375870384466
124,0.2893213201637122,0.4605215426562709,0.1573297709040374
125,0.2893213201637122,0.4605215426562709,-0.3663182300142032
126,0.2893213201637122,-0.4170132629367734,-0.3772749785220561
127,0.2893213201637122,0.4605215426562709,-0.35125773470698696
128,0.2893213201637122,0.021754139859748795,-0.3693533323192544
129,0.2893213201637122,0.4605215426562709,-0.3602412406081952
130,0.2893213201637122,0.4605215426562709,-0.14878470449258074
131,0.2893213201637122,0.4605215426562709,0.962797064204596
132,0.2893213201637122,0.4605215426562709,-0.3708523991218312
133,0.2893213201637122,0.4605215426562709,-0.3510458252191572
134,0.2893213201637122,0.4605215426562709,-0.37306528307838455
135,0.2893213201637122,0.4605215426562709,-0.3496302549167503
136,0.2893213201637122,0.4605215426562709,-0.36138539315104
137,0.2893213201637122,-0.8557806657332955,-0.3631225499702094
138,0.2893213201637122,0.4605215426562709,-0.2464383649842692
139,0.2893213201637122,0.4605215426562709,0.010092081846886664
140,0.2893213201637122,0.4605215426562709,0.027772951947352333
141,-0.6469936318224137,-0.4170132629367734,-0.3737040013657813
142,-1.5833085838085394,-3.883280088830929,9.920215814229568e-16
143,0.2893213201637122,0.4605215426562709,0.3779351447949621
144,0.2893213201637122,-0.8557806657332955,-0.3660043508588673
145,0.2893213201637122,0.4605215426562709,-0.2033539929914004
146,0.2893213201637122,0.4605215426562709,-0.31697412592206303
147,0.2893213201637122,0.4605215426562709,-0.3406310892918182
148,0.2893213201637122,-0.4170132629367734,-0.0233423081719696
149,0.2893213201637122,0.4605215426562709,-0.3002588820243433
150,0.2893213201637122,0.4605215426562709,-0.3656177069531337
151,0.2893213201637122,-0.4170132629367734,-0.4119354992901475
152,-5.328568391753043,0.4605215426562709,0.39494556645372897
153,0.2893213201637122,0.4605215426562709,1.0512392414181708
154,0.2893213201637122,0.4605215426562709,-0.3702432893421896
155,0.2893213201637122,0.4605215426562709,0.16311124503742488
156,0.2893213201637122,0.4605215426562709,0.1779523725626606
157,0.2893213201637122,0.4605215426562709,-0.3082709467643727
158,0.2893213201637122,0.4605215426562709,-0.30170519586966105
159,0.2893213201637122,0.4605215426562709,2.284592737306997
160,0.2893213201637122,-3.0496225061621627,-0.45013364913952175
161,0.2893213201637122,0.4605215426562709,-0.3071691620899982
162,0.2893213201637122,0.4605215426562709,-0.3674864582131823
163,0.2893213201637122,-0.4170132629367734,-0.3250257049312059
164,0.2893213201637122,0.4605215426562709,-0.260528984187738
165,0.2893213201637122,0.4605215426562709,-0.23882132653454674
166,0.2893213201637122,0.4605215426562709,-0.05636113554120027
167,0.2893213201637122,0.4605215426562709,-0.10802599208542576
168,0.2893213201637122,-1.2945480685298172,-0.4157071387677097
169,0.2893213201637122,0.4605215426562709,1.2691009710215768
170,0.2893213201637122,-3.4883899089586845,9.920215814229568e-16
171,-0.6469936318224137,0.021754139859748795,-0.2229210556691096
172,0.2893213201637122,0.4605215426562709,-0.3705665512176055
173,0.2893213201637122,0.4605215426562709,-0.2428940258272632
174,-3.455938487780791,-1.349395803796729,-0.1872595955333062
175,0.2893213201637122,0.4605215426562709,-0.36125274957779996
176,0.2893213201637122,0.021754139859748795,-0.4550368668206181
177,0.2893213201637122,0.4605215426562709,-0.3644469250521295
178,0.2893213201637122,-4.365924714551729,9.920215814229568e-16
179,0.2893213201637122,0.4605215426562709,0.21885938470867547
180,0.2893213201637122,0.4605215426562709,-0.21432909318275514
181,0.2893213201637122,0.4605215426562709,-0.01646981415351639
182,0.2893213201637122,0.4605215426562709,0.2641561018595017
183,0.2893213201637122,0.4605215426562709,0.4062754858526107
184,0.2893213201637122,0.4605215426562709,-0.1157750499152977
185,0.2893213201637122,0.4605215426562709,-0.04693614366168808
186,0.2893213201637122,-1.7333154713263392,-0.35810471813681843
187,0.2893213201637122,0.4605215426562709,0.12818022348398586
188,0.2893213201637122,0.4605215426562709,-0.3616420783271038
189,0.2893213201637122,0.4605215426562709,0.19935894803547274
190,0.2893213201637122,0.4605215426562709,-0.1912839096954955
191,-1.5833085838085394,0.4605215426562709,-0.2561347334509979
192,0.2893213201637122,0.4605215426562709,-0.16099076073040874
193,0.2893213201637122,0.4605215426562709,-0.25921692573674343
194,0.2893213201637122,0.4605215426562709,0.024443569031746628
195,0.2893213201637122,-0.4170132629367734,-0.3740707188728708
196,-0.6469936318224137,-0.4170132629367734,0.9227858972352299
197,0.2893213201637122,0.4605215426562709,1.1529509875614092
198,0.2893213201637122,0.4605215426562709,-0.34891927763801545
199,0.2893213201637122,-3.4883899089586845,-0.3253523886860072
200,0.2893213201637122,0.4605215426562709,-0.12468684019846887
201,0.2893213201637122,-0.8557806657332955,-0.3810825019861158
202,0.2893213201637122,0.4605215426562709,-0.2923968513446927
203,0.2893213201637122,0.4605215426562709,-0.23022573376557626
204,-0.6469936318224137,0.4605215426562709,-0.06647359173203543
205,0.2893213201637122,0.4605215426562709,0.17564340760061553
206,0.2893213201637122,0.4605215426562709,0.198711598804528
207,0.2893213201637122,-0.4170132629367734,-0.3919749550475403
208,0.2893213201637122,0.4605215426562709,-0.3436792905023603
209,0.2893213201637122,0.4605215426562709,-0.3687634942471326
210,0.2893213201637122,0.4605215426562709,0.6058565323931939
211,0.2893213201637122,0.4605215426562709,-0.3106555061860459
212,0.2893213201637122,0.4605215426562709,1.6933832138466818
213,0.2893213201637122,0.4605215426562709,-0.34304896883195257
214,0.2893213201637122,0.4605215426562709,0.5173764435821784
215,0.2893213201637122,0.4605215426562709,0.2981603440806699
216,-1.5833085838085394,-1.952701585947729,-0.4117866302546577
217,-0.6469936318224137,0.021754139859748795,-0.3761706879259095
218,0.2893213201637122,0.4605215426562709,-0.3615388297753828
219,0.2893213201637122,0.021754139859748795,-0.21770892137106715
220,0.2893213201637122,0.4605215426562709,-0.2282998942527724
221,0.2893213201637122,0.4605215426562709,-0.3414146371501358
222,0.2893213201637122,0.4605215426562709,-0.2792241136721512
223,-1.5833085838085394,-3.4006354631101288,9.920215814229568e-16
224,0.2893213201637122,0.4605215426562709,-0.28661624589696605
225,0.2893213201637122,0.4605215426562709,-0.3590866419804941
226,0.2893213201637122,0.4605215426562709,-0.2627630480121221
227,0.2893213201637122,0.4605215426562709,-0.195268291765509
228,-1.5833085838085394,-1.952701585947729,-0.4284585069650015
229,0.2893213201637122,0.4605215426562709,-0.33010706620207764
230,0.2893213201637122,0.4605215426562709,-0.37204853962958895
231,0.2893213201637122,-3.927157311755207,-0.4448157461355703
232,0.2893213201637122,0.4605215426562709,0.3637980791193109
233,0.2893213201637122,-0.4170132629367734,-0.3828956197496186
234,0.2893213201637122,0.4605215426562709,-0.21108604206785592
235,0.2893213201637122,0.4605215426562709,-0.32446609346032296
236,0.2893213201637122,0.4605215426562709,0.21982205260214874
237,-2.519623535794665,0.4605215426562709,-0.3638096376308157
238,0.2893213201637122,-0.4170132629367734,-0.3738302749163742
239,-0.6469936318224137,0.4605215426562709,-0.2704666861369473
240,0.2893213201637122,0.4605215426562709,0.09095233096378094
241,0.2893213201637122,0.4605215426562709,-0.36838880912872857
242,0.2893213201637122,0.4605215426562709,0.2648569548076363
243,0.2893213201637122,-1.7333154713263392,-0.4209877558922128
244,0.2893213201637122,0.4605215426562709,0.15881554513860893
245,0.2893213201637122,0.4605215426562709,-0.3724900073090726
246,-0.6469936318224137,0.4605215426562709,-0.16374371098462276
247,0.2893213201637122,0.4605215426562709,-0.26413504069072025
248,0.2893213201637122,0.4605215426562709,-0.27297651064089795
249,0.2893213201637122,0.4605215426562709,0.32105136254888106
250,0.2893213201637122,0.4605215426562709,-0.15682786146970654
251,0.2893213201637122,-0.8557806657332955,-0.43000959477202777
252,0.2893213201637122,0.4605215426562709,-0.3649624765219701
253,0.2893213201637122,0.4605215426562709,-0.09830695798832273
254,0.2893213201637122,0.4605215426562709,-0.34129188459753806
255,0.2893213201637122,0.4605215426562709,1.1567262913777252
256,-0.6469936318224137,0.4605215426562709,-0.3314033485285195
257,0.2893213201637122,0.4605215426562709,-0.2411371037407281
258,0.2893213201637122,0.4605215426562709,0.5077301091730009
259,0.2893213201637122,0.4605215426562709,-0.35318733411905023
260,-2.519623535794665,0.4605215426562709,-0.3485619957142642
261,0.2893213201637122,0.4605215426562709,-0.3259417011753476
262,0.2893213201637122,0.4605215426562709,-0.37681436163548815
263,0.2893213201637122,0.4605215426562709,0.6313913029058161
264,0.2893213201637122,0.4605215426562709,-0.23241961643050899
265,0.2893213201637122,0.4605215426562709,-0.3146858711581291
266,-1.5833085838085394,-1.952701585947729,-0.3717571817472676
267,0.2893213201637122,0.4605215426562709,0.1441992384437864
268,-3.455938487780791,0.4605215426562709,-0.3418117647549673
269,-5.328568391753043,0.4605215426562709,-0.322824537302614
270,0.2893213201637122,-0.8557806657332955,-0.4121243420984592
271,0.2893213201637122,0.4605215426562709,-0.09096378171556656
272,0.2893213201637122,0.4605215426562709,-0.3597098311774114
273,0.2893213201637122,0.4605215426562709,-0.18715850370087106
274,0.2893213201637122,-1.2945480685298172,-0.3307867194586596
275,0.2893213201637122,-2.6108551033656413,-0.412342871184512
276,0.2893213201637122,0.4605215426562709,0.4011037345093429
277,0.2893213201637122,0.4605215426562709,-0.31096365069443777
278,0.2893213201637122,0.4605215426562709,0.10460711903270152
279,0.2893213201637122,0.021754139859748795,-0.41833070619679097
280,0.2893213201637122,0.4605215426562709,1.2698004612159035
281,0.2893213201637122,-1.2945480685298172,-0.4019937106044171
282,0.2893213201637122,0.4605215426562709,-0.2451520300998319
283,0.2893213201637122,0.4605215426562709,-0.15611323815103814
284,0.2893213201637122,0.4605215426562709,-0.3594451626327158
285,0.2893213201637122,0.4605215426562709,0.8619404000744116
286,0.2893213201637122,0.4605215426562709,-0.3612009745908228
287,0.2893213201637122,0.4605215426562709,1.0536434573308893
288,0.2893213201637122,0.4605215426562709,0.5676598347585262
289,0.2893213201637122,-3.0496225061621627,-0.3991509975207009
290,0.2893213201637122,0.4605215426562709,-0.3542933463292015
291,0.2893213201637122,0.4605215426562709,-0.3394579010959519
292,0.2893213201637122,0.4605215426562709,-0.2389341789170923
293,0.2893213201637122,0.4605215426562709,-0.12201378361003905
294,0.2893213201637122,-0.8557806657332955,-0.398181827954735
295,-0.6469936318224137,0.021754139859748795,-0.2685711764103965
296,0.2893213201637122,0.4605215426562709,0.4906422092927221
297,0.2893213201637122,-2.6108551033656413,-0.4280087239966188
298,0.2893213201637122,0.4605215426562709,0.031028688719385408
299,-0.6469936318224137,-0.8557806657332955,-0.2730390961642346
300,0.2893213201637122,0.4605215426562709,-0.2678549595694653
301,0.2893213201637122,0.4605215426562709,-0.3615353031860814
302,0.2893213201637122,0.4605215426562709,0.29424639111997025
303,0.2893213201637122,0.4605215426562709,-0.22900490764100956
304,-0.6469936318224137,-0.8557806657332955,-0.2864831001227705
305,0.2893213201637122,-1.7333154713263392,-0.35800066087890275
306,0.2893213201637122,0.4605215426562709,0.46274219477979495
307,-3.455938487780791,-4.365924714551729,9.920215814229568e-16
308,0.2893213201637122,-1.2945480685298172,-0.3832572979649334
309,0.2893213201637122,0.4605215426562709,0.141751607563439
310,0.2893213201637122,0.4605215426562709,0.13912402964292098
311,0.2893213201637122,0.4605215426562709,-0.3349710034323191
312,0.2893213201637122,0.021754139859748795,0.1940947790088658
313,0.2893213201637122,0.4605215426562709,0.0065449541529958005
314,0.2893213201637122,0.4605215426562709,-0.3551072199073677
315,0.2893213201637122,0.021754139859748795,-0.4234842532637199
316,-4.392253439766917,-0.2289700903096924,-0.2789356780097627
317,0.2893213201637122,0.4605215426562709,-0.3610156487141018
318,0.2893213201637122,0.4605215426562709,-0.054235786024483854
319,0.2893213201637122,0.4605215426562709,-0.3481751611958197
320,0.2893213201637122,0.4605215426562709,-0.2776556724839275
321,0.2893213201637122,-3.0496225061621627,-0.4290680132190817
322,0.2893213201637122,0.4605215426562709,1.923085341987498
323,0.2893213201637122,-3.4883899089586845,-0.4290366780143164
324,0.2893213201637122,0.4605215426562709,-0.31843185670631097
325,0.2893213201637122,0.021754139859748795,-0.3792284512866299
326,0.2893213201637122,-2.6108551033656413,-0.4460444859915917
327,0.2893213201637122,0.4605215426562709,-0.251290082160692
328,0.2893213201637122,0.4605215426562709,-0.347559985865568
329,0.2893213201637122,0.4605215426562709,0.3601353247384054
330,0.2893213201637122,0.4605215426562709,-0.27500495824671434
331,0.2893213201637122,0.4605215426562709,-0.3713030975395266
332,0.2893213201637122,0.4605215426562709,0.5394998534811049
333,-4.392253439766917,-1.6079533562416193,-0.4200619596132296
334,0.2893213201637122,0.4605215426562709,-0.3679580782820228
335,0.2893213201637122,0.4605215426562709,0.025373076413135368
336,0.2893213201637122,-2.1720877005691186,-0.3998849606591644
337,0.2893213201637122,0.4605215426562709,0.17170511771729252
338,0.2893213201637122,0.4605215426562709,0.05803641819280193
339,0.2893213201637122,0.4605215426562709,-0.2355207983169621
340,0.2893213201637122,0.4605215426562709,0.2905249386984287
341,0.2893213201637122,0.4605215426562709,-0.05828881967674476
342,0.2893213201637122,0.4605215426562709,-0.013924765437198216
343,0.2893213201637122,0.4605215426562709,1.795339029146027
344,-4.392253439766917,-0.2289700903096924,-0.33659086989673337
345,0.2893213201637122,0.4605215426562709,0.6958334774076411
346,0.2893213201637122,0.021754139859748795,-0.3910526101293752
347,0.2893213201637122,0.4605215426562709,0.5220062997623623
348,0.2893213201637122,0.4605215426562709,-0.01672807353642175
349,0.2893213201637122,0.4605215426562709,0.7692392664847686
350,0.2893213201637122,0.4605215426562709,-0.3181836860729665
351,0.2893213201637122,0.4605215426562709,-0.1921935918300521
352,0.2893213201637122,0.4605215426562709,0.10266428703209936
353,0.2893213201637122,0.4605215426562709,-0.37550168102460535
354,0.2893213201637122,0.4605215426562709,-0.021114076079937042
355,0.2893213201637122,0.4605215426562709,-0.32512211836526544
356,0.2893213201637122,0.4605215426562709,-0.3533477949488637
357,0.2893213201637122,0.4605215426562709,-0.3574575137715339
358,0.2893213201637122,0.4605215426562709,-0.3314888228261774
359,0.2893213201637122,0.4605215426562709,-0.3431311579830761
360,0.2893213201637122,0.4605215426562709,-0.15494727849746875
361,0.2893213201637122,0.4605215426562709,1.2605802727823598
362,0.2893213201637122,0.4605215426562709,-0.35499142344796525
363,0.2893213201637122,0.4605215426562709,-0.33327492085668914
364,0.2893213201637122,-0.4170132629367734,-0.0038048357031952454
365,0.2893213201637122,0.4605215426562709,1.1199805778539418
366,0.2893213201637122,-1.7333154713263392,-0.37910101830245424
367,0.2893213201637122,0.021754139859748795,-0.39922900996610405
368,0.2893213201637122,0.4605215426562709,-0.3773597544147414
369,0.2893213201637122,0.4605215426562709,-0.17304256655469372
370,0.2893213201637122,0.4605215426562709,-0.3614867289677451
371,-4.392253439766917,-1.6079533562416193,-0.4298491090354867
372,0.2893213201637122,0.4605215426562709,-0.39075143035528825
373,0.2893213201637122,0.4605215426562709,1.4463762268799705
374,0.2893213201637122,0.4605215426562709,1.030774287654049
375,0.2893213201637122,0.4605215426562709,-0.06803667949873696
376,0.2893213201637122,0.4605215426562709,-0.37124923953684497
377,-3.455938487780791,-0.14278423949472904,-0.3281489582446761
378,0.2893213201637122,0.4605215426562709,-0.15840961301645526
379,0.2893213201637122,0.4605215426562709,-0.4244742570531342
380,0.2893213201637122,-3.4883899089586845,-0.4422310626829053
381,0.2893213201637122,0.4605215426562709,-0.35878125703585506
382,0.2893213201637122,0.4605215426562709,0.2951514350118958
383,0.2893213201637122,0.4605215426562709,0.091221579296543
384,0.2893213201637122,0.4605215426562709,-0.3595365459244106
385,0.2893213201637122,0.021754139859748795,0.0996937231411454
386,0.2893213201637122,0.021754139859748795,-0.3928709008677008
387,0.2893213201637122,0.4605215426562709,0.5397186362091383
388,0.2893213201637122,0.4605215426562709,0.07044007119122593
389,0.2893213201637122,0.4605215426562709,0.4168527361440349
390,0.2893213201637122,0.4605215426562709,-0.3448474155163252
391,0.2893213201637122,0.4605215426562709,-0.03517849696412337
392,0.2893213201637122,0.4605215426562709,0.273683625586942
393,0.2893213201637122,0.4605215426562709,-0.050835803210575375
394,0.2893213201637122,0.4605215426562709,-0.2916964187611231
395,0.2893213201637122,0.4605215426562709,-0.3456309089864827
396,0.2893213201637122,0.4605215426562709,-0.22658594542067745
397,0.2893213201637122,0.4605215426562709,-0.02573531554898856
398,0.2893213201637122,0.4605215426562709,-0.33836841475368284
399,0.2893213201637122,0.4605215426562709,0.2996570676176545
400,0.2893213201637122,0.4605215426562709,0.12671903168120907
401,0.2893213201637122,-1.7333154713263392,-0.28811256990970857
402,0.2893213201637122,0.4605215426562709,-0.3832410969011106
403,0.2893213201637122,0.4605215426562709,1.1177640824218933
404,0.2893213201637122,0.4605215426562709,7.464136708912313
405,0.2893213201637122,-0.8557806657332955,-0.4408118036433176
406,0.2893213201637122,0.4605215426562709,-0.33185208541434497
407,-3.455938487780791,0.4605215426562709,-0.3828778094062156
408,-0.6469936318224137,0.4605215426562709,0.7509207800925255
409,0.2893213201637122,-4.365924714551729,9.920215814229568e-16
410,0.2893213201637122,0.4605215426562709,-0.3099900060503212
411,0.2893213201637122,-0.4170132629367734,-0.40748340242451386
412,0.2893213201637122,-3.0496225061621627,0.11063771737128857
413,0.2893213201637122,0.4605215426562709,-0.11062858500010356
414,0.2893213201637122,-1.7333154713263392,-0.3736432238675447
415,0.2893213201637122,0.4605215426562709,-0.3861276336261077
416,0.2893213201637122,0.4605215426562709,-0.1855420209933002
417,0.2893213201637122,0.4605215426562709,-0.4253387151783607
418,0.2893213201637122,0.4605215426562709,-0.36105145645551495
419,0.2893213201637122,0.4605215426562709,-0.32100570268268674
420,0.2893213201637122,0.4605215426562709,-0.2892352579364078
421,0.2893213201637122,0.4605215426562709,-0.366579730321494
422,0.2893213201637122,0.4605215426562709,1.236141361176157
423,0.2893213201637122,0.4605215426562709,12.831319487961636
424,0.2893213201637122,0.4605215426562709,-0.1510746529139884
425,0.2893213201637122,0.4605215426562709,-0.15348972765161986
426,-0.6469936318224137,0.4605215426562709,0.2705717754882869
427,0.2893213201637122,0.4605215426562709,0.2928277766054956
428,-0.6469936318224137,-3.4883899089586845,-0.4162927620115687
429,0.2893213201637122,-0.8557806657332955,-0.17910704668386318
430,0.2893213201637122,0.4605215426562709,-0.1803857041966072
431,0.2893213201637122,0.4605215426562709,-0.3635836522838143
432,0.2893213201637122,0.4605215426562709,0.4404183329960139
433,0.2893213201637122,0.4605215426562709,0.08990702000678187
434,0.2893213201637122,0.4605215426562709,-0.2197708161704853
435,-1.5833085838085394,-0.5047677087853288,-0.3987986949092581
436,0.2893213201637122,0.4605215426562709,-0.06650836914820879
437,0.2893213201637122,0.4605215426562709,0.13853618004259893
438,-4.392253439766917,-2.2974498156538394,-0.41924156047244426
439,0.2893213201637122,0.4605215426562709,0.5656178531419376
440,0.2893213201637122,0.4605215426562709,-0.35993932227339115
441,0.2893213201637122,0.4605215426562709,0.5483601874817514
442,0.2893213201637122,0.4605215426562709,0.04182016075789735
443,0.2893213201637122,0.4605215426562709,-0.3669522887103451
444,0.2893213201637122,0.4605215426562709,-0.35957472946265207
445,0.2893213201637122,0.4605215426562709,-0.2809672969027875
446,0.2893213201637122,0.4605215426562709,0.2510432608003223
447,0.2893213201637122,0.021754139859748795,-0.2864841711120553
448,0.2893213201637122,0.4605215426562709,0.2901170244473641
449,0.2893213201637122,0.4605215426562709,-0.11084682435483584
450,-1.5833085838085394,0.4605215426562709,0.18693909448152654
451,0.2893213201637122,0.4605215426562709,-0.4199536077238628
452,0.2893213201637122,-1.2945480685298172,-0.3708130978306533
453,0.2893213201637122,0.4605215426562709,-0.21599508893980102
454,0.2893213201637122,0.4605215426562709,1.132284834202306
455,-3.455938487780791,-0.14278423949472904,-0.42829580808781215
456,0.2893213201637122,-0.8557806657332955,-0.4198574458985816
457,0.2893213201637122,0.4605215426562709,-0.2836403153686751
458,-1.5833085838085394,-2.917990837389329,-0.420874823706479
459,0.2893213201637122,-0.8557806657332955,-0.3775607938950459
460,0.2893213201637122,0.4605215426562709,-0.3202029212393915
461,0.2893213201637122,0.4605215426562709,-0.21826972887317325
462,-4.392253439766917,0.4605215426562709,-0.33855738768693844
463,0.2893213201637122,-0.8557806657332955,-0.3266958392714301
464,0.2893213201637122,0.4605215426562709,0.7496250472389916
465,0.2893213201637122,0.4605215426562709,0.17315309116394612
466,0.2893213201637122,0.4605215426562709,-0.3213338528846104
467,0.2893213201637122,0.4605215426562709,0.5434313712760361
468,0.2893213201637122,0.021754139859748795,-0.3719642084998957
469,0.2893213201637122,0.4605215426562709,0.27869641355385305
470,0.2893213201637122,0.4605215426562709,1.167347005433632
471,0.2893213201637122,0.4605215426562709,0.36282396785527815
472,0.2893213201637122,0.4605215426562709,-0.03992001712013814
473,0.2893213201637122,0.021754139859748795,1.1506907391418577
474,0.2893213201637122,0.4605215426562709,0.15318033144222534
475,-2.519623535794665,-0.07574972742836747,-0.03200365470168167
476,0.2893213201637122,-1.7333154713263392,-0.4395702480052183
477,0.2893213201637122,0.4605215426562709,0.3048729333501249
478,0.2893213201637122,-0.8557806657332955,-0.17034685094379684
479,-3.455938487780791,-1.952701585947729,-0.4294472842251589
480,0.2893213201637122,0.021754139859748795,-0.3603082951100757
481,0.2893213201637122,0.4605215426562709,-0.15905203427344844
482,-0.6469936318224137,0.4605215426562709,-0.2000989124353933
483,0.2893213201637122,-1.7333154713263392,-0.07516009710638011
484,0.2893213201637122,0.4605215426562709,-0.3735579533984124
485,0.2893213201637122,0.4605215426562709,0.8544294444603455
486,0.2893213201637122,0.4605215426562709,-0.1505903014409635
487,-5.328568391753043,-1.1482922675976432,0.5349550832569493
488,0.2893213201637122,0.4605215426562709,0.16743089351723453
489,-0.6469936318224137,0.021754139859748795,0.11791837114997768
490,0.2893213201637122,0.4605215426562709,0.2282282612227088
491,-4.392253439766917,0.4605215426562709,-0.025558492015773475
492,0.2893213201637122,0.4605215426562709,-0.3418821781069637
493,-0.6469936318224137,0.4605215426562709,-0.3289148248679335
494,0.2893213201637122,0.4605215426562709,-0.2146649492212036
495,0.2893213201637122,0.4605215426562709,-0.35461005163566395
496,0.2893213201637122,-3.927157311755207,-0.4407056359214671
497,0.2893213201637122,0.4605215426562709,-0.14521648639175805
498,0.2893213201637122,0.4605215426562709,-0.3606739360365743
499,0.2893213201637122,0.4605215426562709,0.1438733527208679
500,0.2893213201637122,0.021754139859748795,-0.3693892244385609
501,0.2893213201637122,0.021754139859748795,-0.3959911053943983
502,0.2893213201637122,0.4605215426562709,0.26334799393461383
503,0.2893213201637122,0.4605215426562709,-0.366611932178718
504,0.2893213201637122,0.4605215426562709,-0.33509030360749764
505,0.2893213201637122,-2.1720877005691186,-0.3250005033893261
506,0.2893213201637122,0.4605215426562709,0.016075085462320858
507,0.2893213201637122,0.4605215426562709,-0.22035835926556824
508,0.2893213201637122,0.4605215426562709,-0.3714031458309073
509,0.2893213201637122,-4.365924714551729,9.920215814229568e-16
510,0.2893213201637122,-3.4883899089586845,9.920215814229568e-16
511,0.2893213201637122,0.4605215426562709,-0.24224736737678254
512,0.2893213201637122,0.4605215426562709,-0.3527980638243111
513,0.2893213201637122,0.4605215426562709,-0.16707300189782673
514,0.2893213201637122,-1.2945480685298172,-0.21520734404374026
515,0.2893213201637122,0.4605215426562709,1.944690444919236
516,0.2893213201637122,0.4605215426562709,2.602581703468041
517,0.2893213201637122,-0.8557806657332955,-0.3833386911173765
518,0.2893213201637122,0.4605215426562709,0.035181671036116746
519,0.2893213201637122,0.4605215426562709,-0.19923738974591412
520,0.2893213201637122,-1.2945480685298172,-0.42360680452929494
521,0.2893213201637122,-2.1720877005691186,-0.3896955665703149
522,0.2893213201637122,0.4605215426562709,0.2136938524227877
523,0.2893213201637122,0.4605215426562709,-0.3287199490402477
524,0.2893213201637122,0.4605215426562709,-0.3182467458407278
525,0.2893213201637122,0.021754139859748795,-0.3858428109641161
526,0.2893213201637122,0.4605215426562709,1.2806752106770436
527,0.2893213201637122,0.4605215426562709,-0.3777579275938295
528,0.2893213201637122,0.4605215426562709,-0.3657734227971978
529,-4.392253439766917,-0.2289700903096924,-0.24620436983700675
530,0.2893213201637122,0.4605215426562709,-0.36320498971351023
531,-5.328568391753043,-0.34388777569381485,0.04258320987113788
532,0.2893213201637122,0.4605215426562709,-0.2183724864065511
533,0.2893213201637122,0.4605215426562709,-0.2788119795098184
534,0.2893213201637122,0.4605215426562709,-0.3683349750161734
535,0.2893213201637122,-1.7333154713263392,-0.4153661382192701
536,0.2893213201637122,-1.7333154713263392,-0.37565193619572856
537,0.2893213201637122,0.4605215426562709,-0.1884842395033965
538,0.2893213201637122,0.021754139859748795,-0.35215718068481955
539,0.2893213201637122,0.4605215426562709,-0.3644463252574659
540,0.2893213201637122,-2.1720877005691186,-0.3277798720569661
541,-0.6469936318224137,0.4605215426562709,-0.20533955883687788
542,0.2893213201637122,0.4605215426562709,-0.026697717092967282
543,0.2893213201637122,0.021754139859748795,-0.371898543183452
544,-4.392253439766917,-0.2289700903096924,-0.006681618140401374
545,0.2893213201637122,0.4605215426562709,-0.3683696990607877
546,0.2893213201637122,0.4605215426562709,0.190041476973908
547,0.2893213201637122,0.4605215426562709,-0.23956700345946885
548,0.2893213201637122,0.4605215426562709,0.7999859501846889
549,0.2893213201637122,0.4605215426562709,-0.3933785101412552
550,0.2893213201637122,0.4605215426562709,-0.3679536875817655
551,0.2893213201637122,0.4605215426562709,-0.35957318626214485
552,0.2893213201637122,0.4605215426562709,-0.11991446365681856
553,0.2893213201637122,0.4605215426562709,-0.3294110665077121
554,0.2893213201637122,-2.6108551033656413,-0.4484235659332032
555,-3.455938487780791,0.4605215426562709,0.01000668582751537
556,0.2893213201637122,0.4605215426562709,-0.2946604718301744
557,-2.519623535794665,-3.8296534444670915,9.920215814229568e-16
558,0.2893213201637122,0.4605215426562709,-0.3790795949586542
559,0.2893213201637122,0.4605215426562709,-0.31402291709992103
560,0.2893213201637122,0.4605215426562709,-0.3575108868554791
561,0.2893213201637122,0.4605215426562709,0.0627421809291593
562,0.2893213201637122,0.4605215426562709,-0.22905745473654096
563,0.2893213201637122,0.4605215426562709,-0.2944174945036752
564,0.2893213201637122,0.4605215426562709,-0.2784258571204617
565,0.2893213201637122,-1.2945480685298172,-0.23558103447509984
566,0.2893213201637122,0.4605215426562709,-0.3624226226373988
567,0.2893213201637122,0.4605215426562709,-0.3668060867279059
568,-0.6469936318224137,0.021754139859748795,0.003450180920032335
569,0.2893213201637122,-3.0496225061621627,-0.3747872178206141
570,0.2893213201637122,0.021754139859748795,-0.4006751331987108
571,0.2893213201637122,0.4605215426562709,0.023757362764315285
572,0.2893213201637122,0.4605215426562709,-0.3232116396954549
573,-1.5833085838085394,0.4605215426562709,0.9489147292893464
574,0.2893213201637122,-0.8557806657332955,0.2274768338935251
575,0.2893213201637122,0.4605215426562709,-0.3231023835393877
576,0.2893213201637122,0.4605215426562709,0.9455410352722204
577,0.2893213201637122,0.4605215426562709,-0.3558588764801049
578,0.2893213201637122,0.4605215426562709,0.4794054532541045
579,0.2893213201637122,0.4605215426562709,0.4501848484652442
580,0.2893213201637122,-0.4170132629367734,-0.3873342873143958
581,0.2893213201637122,0.4605215426562709,0.06477916239311643
582,0.2893213201637122,0.4605215426562709,-0.36956859150778976
583,0.2893213201637122,0.4605215426562709,-0.3709577311975572
584,0.2893213201637122,0.4605215426562709,-0.4108538458595437
585,0.2893213201637122,-0.4170132629367734,-0.3673106939783392
586,0.2893213201637122,0.4605215426562709,-0.3538893043118208
587,0.2893213201637122,0.4605215426562709,-0.3436850561556386
588,0.2893213201637122,-1.2945480685298172,-0.3794272054476063
589,0.2893213201637122,0.4605215426562709,0.05400510676507172
590,0.2893213201637122,0.4605215426562709,-0.0778611463150774
591,0.2893213201637122,0.4605215426562709,0.004317133276118161
592,0.2893213201637122,0.4605215426562709,0.2980961909583991
593,0.2893213201637122,0.4605215426562709,3.250760416376421
594,0.2893213201637122,0.021754139859748795,-0.31063958824563626
595,0.2893213201637122,0.021754139859748795,-0.21753261427122345
596,0.2893213201637122,-1.7333154713263392,-0.35377158850949497
597,0.2893213201637122,0.4605215426562709,-0.3758916908966627
598,0.2893213201637122,0.4605215426562709,0.2661364637238221
599,0.2893213201637122,0.4605215426562709,5.520811702511715
600,0.2893213201637122,0.4605215426562709,-0.10584509040025357
601,0.2893213201637122,-0.8557806657332955,-0.41127852386315344
602,0.2893213201637122,0.4605215426562709,-0.13915838085994073
603,0.2893213201637122,0.4605215426562709,-0.3632278850957387
604,0.2893213201637122,0.4605215426562709,-0.22554843586070886
605,0.2893213201637122,0.4605215426562709,0.36740413460569205
606,0.2893213201637122,0.4605215426562709,0.7480738282904204
607,0.2893213201637122,0.4605215426562709,-0.21455822694343965
608,-1.5833085838085394,0.4605215426562709,0.31661718378636977
609,0.2893213201637122,0.4605215426562709,-0.33098759069147793
610,0.2893213201637122,0.4605215426562709,-0.23304948368021405
611,-1.5833085838085394,0.4605215426562709,-0.3859295473720703
612,0.2893213201637122,0.4605215426562709,0.4955188703026394
613,0.2893213201637122,0.4605215426562709,-0.10274736190782076
614,0.2893213201637122,0.4605215426562709,-0.11753679933227315
615,0.2893213201637122,0.4605215426562709,0.027373616793178724
616,0.2893213201637122,-0.8557806657332955,-0.39305148175867255
617,0.2893213201637122,-0.4170132629367734,-0.3964507621012039
618,0.2893213201637122,-0.8557806657332955,-0.3595727547149674
619,0.2893213201637122,0.4605215426562709,-0.29139172967995386
620,0.2893213201637122,0.4605215426562709,-0.4186663472241015
621,-4.392253439766917,-3.6764330815857655,9.920215814229568e-16
622,-2.519623535794665,0.4605215426562709,-0.3903840566321727
623,0.2893213201637122,0.4605215426562709,-0.3604498974807266
624,0.2893213201637122,0.4605215426562709,-0.3698900199430773
625,-2.519623535794665,-0.6120209975130053,-0.33294760630088993
626,0.2893213201637122,0.4605215426562709,-0.2142513577611586
627,0.2893213201637122,0.4605215426562709,-0.3744157609190815
628,0.2893213201637122,-3.0496225061621627,-0.3420947260202997
629,0.2893213201637122,0.4605215426562709,-0.3664399603743703
630,0.2893213201637122,-4.365924714551729,9.920215814229568e-16
631,0.2893213201637122,0.4605215426562709,1.7807911722381289
632,0.2893213201637122,0.4605215426562709,1.4650770096832375
633,0.2893213201637122,0.4605215426562709,0.05767051854131705
634,0.2893213201637122,0.4605215426562709,-0.3725182591626269
635,0.2893213201637122,0.4605215426562709,0.04306765080506174
636,-0.6469936318224137,0.4605215426562709,0.20914477130156292
637,0.2893213201637122,0.4605215426562709,-0.26991518714303897
638,0.2893213201637122,0.4605215426562709,-0.1966327265230461
639,-0.6469936318224137,0.021754139859748795,0.009131182331069628
640,0.2893213201637122,0.4605215426562709,-0.3210863613408172
641,0.2893213201637122,0.4605215426562709,-0.29810364595946426
642,0.2893213201637122,0.4605215426562709,0.07576641045961009
643,0.2893213201637122,0.4605215426562709,0.29797798210452786
644,0.2893213201637122,0.4605215426562709,-0.21163349193948486
645,0.2893213201637122,0.4605215426562709,1.1334080711936123
646,0.2893213201637122,0.4605215426562709,-0.07520248378197134
647,0.2893213201637122,0.4605215426562709,1.296181397641416
648,0.2893213201637122,0.4605215426562709,-0.21738112392973374
649,0.2893213201637122,0.4605215426562709,0.05165906178530599
650,0.2893213201637122,-0.4170132629367734,-0.3948599231570021
651,0.2893213201637122,0.4605215426562709,-0.2634678468975219
652,0.2893213201637122,-2.1720877005691186,-0.4155667990156556
653,0.2893213201637122,0.021754139859748795,-0.39076685117774784
654,0.2893213201637122,0.4605215426562709,-0.05776277180029232
655,-0.6469936318224137,-0.8557806657332955,-0.40534594772990573
656,0.2893213201637122,0.4605215426562709,-0.3075119777797459
657,0.2893213201637122,0.4605215426562709,0.7290008998383583
658,0.2893213201637122,0.4605215426562709,-0.3119533240884865
659,0.2893213201637122,-0.8557806657332955,-0.3871625645773237
660,0.2893213201637122,0.4605215426562709,0.5629151880457527
661,0.2893213201637122,-0.4170132629367734,-0.3683809721506588
662,0.2893213201637122,0.4605215426562709,-0.1933232918630085
663,0.2893213201637122,0.4605215426562709,-0.13797647734263302
664,0.2893213201637122,0.4605215426562709,-0.2513673895932151
665,0.2893213201637122,0.4605215426562709,-0.3699658385632534
666,0.2893213201637122,0.4605215426562709,-0.3705946139833506
667,0.2893213201637122,0.4605215426562709,-0.17367924859003772
668,0.2893213201637122,-0.4170132629367734,-0.3686802234324124
669,0.2893213201637122,0.4605215426562709,0.4827385208404864
670,0.2893213201637122,-0.8557806657332955,-0.037674049913185695
671,0.2893213201637122,0.4605215426562709,0.2159478106228803
672,0.2893213201637122,0.4605215426562709,0.4052088796435532
673,0.2893213201637122,0.4605215426562709,0.4532252675941772
674,0.2893213201637122,0.4605215426562709,-0.29901257072618304
675,0.2893213201637122,-2.6108551033656413,-0.3721099403043148
676,0.2893213201637122,0.4605215426562709,-0.21446640295515726
677,0.2893213201637122,0.4605215426562709,0.3110192153053895
678,0.2893213201637122,0.021754139859748795,-0.364109747432219
679,0.2893213201637122,0.4605215426562709,-0.3689176119942288
680,0.2893213201637122,-0.8557806657332955,-0.06455357785197635
681,0.2893213201637122,0.4605215426562709,0.1903966570748341
682,-3.455938487780791,-1.349395803796729,0.5653335011662668
683,0.2893213201637122,0.021754139859748795,-0.3853817228829269
684,0.2893213201637122,0.4605215426562709,1.3942749399148335
685,0.2893213201637122,0.4605215426562709,-0.029662719667468977
686,0.2893213201637122,0.4605215426562709,-0.373934120721256
687,0.2893213201637122,0.4605215426562709,-0.3756621621864413
688,0.2893213201637122,0.4605215426562709,-0.3692774415203984
689,0.2893213201637122,-0.4170132629367734,-0.4290522391277312
690,0.2893213201637122,0.4605215426562709,-0.1744869386918633
691,0.2893213201637122,0.4605215426562709,-0.18280550460456654
692,0.2893213201637122,0.021754139859748795,-0.12457338547975698
693,0.2893213201637122,-1.2945480685298172,0.5863419156592042
694,0.2893213201637122,0.4605215426562709,-0.1897070845977968
695,0.2893213201637122,0.4605215426562709,-0.34709934305567136
696,0.2893213201637122,0.4605215426562709,0.4314763974396936
697,0.2893213201637122,0.4605215426562709,0.08176200315507118
698,0.2893213201637122,0.4605215426562709,0.27428994073009194
699,0.2893213201637122,-1.2945480685298172,-0.16772902476956694
700,0.2893213201637122,0.4605215426562709,6.381073999750496
701,0.2893213201637122,-0.4170132629367734,-0.3926155027086608
702,0.2893213201637122,0.4605215426562709,-0.3493044530634246
703,0.2893213201637122,-1.7333154713263392,-0.4076932827764987
704,0.2893213201637122,-3.927157311755207,9.920215814229568e-16
705,0.2893213201637122,0.4605215426562709,2.95886171699753
706,0.2893213201637122,0.4605215426562709,-0.08773887896394436
707,0.2893213201637122,0.4605215426562709,-0.3588579448499927
708,0.2893213201637122,0.4605215426562709,-0.0010453873345925226
709,0.2893213201637122,0.4605215426562709,-0.3521470751613401
710,0.2893213201637122,0.4605215426562709,-0.09710586815798967
711,0.2893213201637122,-1.7333154713263392,-0.4166181236766075
712,0.2893213201637122,0.4605215426562709,-0.388923994781546
713,-5.328568391753043,0.4605215426562709,-0.2675498816383659
714,0.2893213201637122,-0.4170132629367734,-0.39276780175634507
715,0.2893213201637122,0.4605215426562709,-0.3598684697497089
716,-2.519623535794665,-0.6120209975130053,-0.3457555554669757
717,0.2893213201637122,-0.8557806657332955,-0.3225087443956609
718,0.2893213201637122,0.4605215426562709,0.292174312518786
719,0.2893213201637122,0.4605215426562709,-0.3701649409101149
720,0.2893213201637122,-2.1720877005691186,-0.4219216229675245
721,0.2893213201637122,0.4605215426562709,-0.24455004161106844
722,0.2893213201637122,0.4605215426562709,-0.3561908521520606
723,0.2893213201637122,0.021754139859748795,-0.2985939592897846
724,0.2893213201637122,0.4605215426562709,-0.1863320532418914
725,0.2893213201637122,-1.7333154713263392,-0.3854063530949746
726,-3.455938487780791,-0.14278423949472904,-0.20165015019108545
727,0.2893213201637122,0.4605215426562709,-0.2855295973967364
728,0.2893213201637122,0.4605215426562709,2.8808896301508313
729,0.2893213201637122,0.4605215426562709,0.5488841218444658
730,0.2893213201637122,0.4605215426562709,-0.02265963357684529
731,0.2893213201637122,-1.7333154713263392,-0.4068361192726421
732,0.2893213201637122,0.4605215426562709,-0.37235681121312136
733,-0.6469936318224137,0.021754139859748795,-0.3808788371334069
734,0.2893213201637122,-1.7333154713263392,-0.1151326886377709
735,0.2893213201637122,-2.6108551033656413,-0.3672103869619722
736,0.2893213201637122,0.4605215426562709,3.3368526407955077
737,0.2893213201637122,0.4605215426562709,0.35164907047019306
738,0.2893213201637122,-1.7333154713263392,-0.39820390853116217
739,0.2893213201637122,-1.7333154713263392,-0.20236337822471012
740,0.2893213201637122,-0.8557806657332955,-0.20178519090977728
741,0.2893213201637122,0.4605215426562709,-0.07606592378117151
742,0.2893213201637122,0.4605215426562709,0.38728180603291934
743,0.2893213201637122,0.4605215426562709,-0.3676242752695457
744,0.2893213201637122,0.4605215426562709,-0.15950175065445735
745,0.2893213201637122,0.4605215426562709,-0.11140316643650187
746,0.2893213201637122,0.4605215426562709,0.32640683455569397
747,0.2893213201637122,0.4605215426562709,-0.1908273886948587
748,0.2893213201637122,0.4605215426562709,-0.3639403593196296
749,-4.392253439766917,-2.2974498156538394,-0.42232176428639
750,0.2893213201637122,0.4605215426562709,-0.31122962455497744
751,0.2893213201637122,0.4605215426562709,-0.3579942735740367
752,0.2893213201637122,0.4605215426562709,-0.3676821783281022
753,0.2893213201637122,0.4605215426562709,-0.3110100890338112
754,0.2893213201637122,-2.1720877005691186,-0.3773739685316661
755,0.2893213201637122,0.4605215426562709,1.4600656220843762
756,0.2893213201637122,0.4605215426562709,-0.026651459200293368
757,0.2893213201637122,0.4605215426562709,-0.3496538710691762
758,0.2893213201637122,0.4605215426562709,0.2427099948353568
759,0.2893213201637122,0.4605215426562709,-0.11576915922008099
760,0.2893213201637122,0.4605215426562709,-0.00019340341346592806
761,0.2893213201637122,0.4605215426562709,0.008204870127015701
762,0.2893213201637122,0.4605215426562709,-0.1889938631720793
763,-1.5833085838085394,0.4605215426562709,-0.07202633569538511
764,0.2893213201637122,-1.2945480685298172,-0.4108526355959049
765,0.2893213201637122,0.4605215426562709,-0.36329375220750576
766,0.2893213201637122,-2.1720877005691186,-0.4201982832825407
767,0.2893213201637122,0.4605215426562709,-0.3796130411497912
768,0.2893213201637122,-0.8557806657332955,-0.38343717587622733
769,0.2893213201637122,-1.7333154713263392,-0.32498183249307105
770,-0.6469936318224137,0.4605215426562709,-0.20994011809755145
771,0.2893213201637122,0.4605215426562709,-0.08277782938637014
772,0.2893213201637122,0.4605215426562709,-0.3938102133669367
773,0.2893213201637122,0.4605215426562709,-0.21201424921640627
774,0.2893213201637122,0.4605215426562709,14.020785673857727
775,0.2893213201637122,0.4605215426562709,-0.07193516843142925
776,0.2893213201637122,0.4605215426562709,-0.36609397797211934
777,0.2893213201637122,0.4605215426562709,-0.2927729220904295
778,0.2893213201637122,0.4605215426562709,-0.20024500767471445
779,0.2893213201637122,0.4605215426562709,-0.08823823546956887
780,0.2893213201637122,0.4605215426562709,0.9617416441660132
781,0.2893213201637122,-0.4170132629367734,-0.3925311878445855
782,0.2893213201637122,0.4605215426562709,0.06641603761094705
783,0.2893213201637122,0.4605215426562709,0.6249962134166024
784,0.2893213201637122,0.4605215426562709,-0.0886491512354538
785,0.2893213201637122,0.4605215426562709,-0.1186790218578829
786,0.2893213201637122,0.4605215426562709,-0.3920234204895564
787,0.2893213201637122,-3.0496225061621627,-0.3966155780502353
788,-0.6469936318224137,0.4605215426562709,12.95114490536024
789,0.2893213201637122,-3.4883899089586845,-0.3664529403375296
790,0.2893213201637122,-1.7333154713263392,-0.4179769173145039
791,0.2893213201637122,0.4605215426562709,-0.16251716292062596
792,0.2893213201637122,0.4605215426562709,1.0840257027434412
793,0.2893213201637122,0.4605215426562709,-0.30652535418907106
794,-0.6469936318224137,0.4605215426562709,0.2030017470446023
795,0.2893213201637122,0.4605215426562709,0.04860908965560474
796,0.2893213201637122,0.4605215426562709,0.2983999579823483
797,-1.5833085838085394,-2.4353462116685294,-0.387934988277835
798,0.2893213201637122,0.4605215426562709,-0.2499593456972344
799,0.2893213201637122,0.4605215426562709,-0.3683816720805331
800,0.2893213201637122,0.4605215426562709,-0.262302360471776
801,0.2893213201637122,0.4605215426562709,-0.3661006275600756
802,0.2893213201637122,-3.927157311755207,-0.4143595241840803
803,0.2893213201637122,0.4605215426562709,-0.3665111834491624
804,0.2893213201637122,0.4605215426562709,-0.02343414435946551
805,0.2893213201637122,-2.1720877005691186,-0.3845103828763872
806,0.2893213201637122,0.4605215426562709,-0.15425328404882158
807,0.2893213201637122,0.4605215426562709,0.02339747376697987
808,0.2893213201637122,0.4605215426562709,-0.3631719806749932
809,0.2893213201637122,0.4605215426562709,-0.3744215021739328
810,0.2893213201637122,0.4605215426562709,-0.14681979191555145
811,0.2893213201637122,0.4605215426562709,-0.14139931284152282
812,0.2893213201637122,0.4605215426562709,-0.18135165825321586
813,0.2893213201637122,0.4605215426562709,-0.21520093742345275
814,0.2893213201637122,0.4605215426562709,-0.2249700492919555
815,-5.328568391753043,-1.1482922675976432,-0.13347975575403226
816,0.2893213201637122,0.4605215426562709,-0.3594088918294904
817,0.2893213201637122,-0.4170132629367734,-0.3758239933945707
818,-4.392253439766917,-0.9184617232756556,0.03426185643815089
819,0.2893213201637122,0.4605215426562709,-0.3651428241029837
820,0.2893213201637122,0.021754139859748795,-0.17669928689962397
821,0.2893213201637122,-3.0496225061621627,-0.42000947656356896
822,0.2893213201637122,0.4605215426562709,0.8108275599740667
823,0.2893213201637122,0.4605215426562709,5.465736624963656
824,0.2893213201637122,0.4605215426562709,0.01482878941317741
825,-4.392253439766917,0.4605215426562709,-0.24798445772166955
826,0.2893213201637122,0.4605215426562709,-0.18652140130096195
827,0.2893213201637122,0.4605215426562709,-0.33769515286837154
828,0.2893213201637122,0.4605215426562709,0.07472579569150628
829,-0.6469936318224137,0.4605215426562709,-0.31933408817122505
830,0.2893213201637122,0.4605215426562709,0.024470245153557724
831,0.2893213201637122,0.4605215426562709,-0.1816045515070848
832,0.2893213201637122,0.4605215426562709,0.16963636391008646
833,0.2893213201637122,0.4605215426562709,-0.393816994096438
834,0.2893213201637122,0.4605215426562709,0.5829781116461193
835,0.2893213201637122,-0.8557806657332955,1.1893175276728236
836,0.2893213201637122,-0.4170132629367734,-0.4126032552637678
837,0.2893213201637122,0.4605215426562709,-0.3698010800521855
838,0.2893213201637122,-0.4170132629367734,-0.36346461134192254
839,0.2893213201637122,0.4605215426562709,0.8660442027868369
840,0.2893213201637122,-1.2945480685298172,0.2353323664587871
841,0.2893213201637122,-2.6108551033656413,-0.4116373667779317
842,0.2893213201637122,-2.1720877005691186,-0.446341564796742
843,0.2893213201637122,0.4605215426562709,-0.3619398733277464
844,0.2893213201637122,0.4605215426562709,-0.21004218840856906
845,-0.6469936318224137,0.4605215426562709,-0.2756540194339531
846,0.2893213201637122,-1.7333154713263392,-0.2143442913695685
847,0.2893213201637122,0.4605215426562709,-0.3673504674807395
848,0.2893213201637122,0.4605215426562709,-0.38489834582208
849,0.2893213201637122,0.4605215426562709,-0.3539106971575872
850,0.2893213201637122,-2.6108551033656413,-0.4225033846520117
851,0.2893213201637122,0.021754139859748795,-0.2549489734573239
852,0.2893213201637122,0.4605215426562709,1.462775584851734
853,0.2893213201637122,0.021754139859748795,-0.3643158145133855
854,0.2893213201637122,0.4605215426562709,0.32448986742920544
855,0.2893213201637122,-1.2945480685298172,-0.40429744108727145
856,0.2893213201637122,-1.7333154713263392,-0.358569560525961
857,0.2893213201637122,0.4605215426562709,-0.24153373981891574
858,0.2893213201637122,0.4605215426562709,-0.11782275601281927
859,0.2893213201637122,-1.7333154713263392,-0.3665793938265217
860,0.2893213201637122,0.4605215426562709,-0.10712703509273416
861,0.2893213201637122,0.4605215426562709,-0.27752958395473915
862,0.2893213201637122,0.4605215426562709,0.3365486379877954
863,0.2893213201637122,-1.2945480685298172,-0.3667366238979611
864,0.2893213201637122,0.4605215426562709,-0.21962832224064816
865,0.2893213201637122,0.4605215426562709,-0.10770031069933332
866,0.2893213201637122,0.4605215426562709,-0.29041951844342306
867,0.2893213201637122,0.4605215426562709,0.435890646245457
868,0.2893213201637122,0.4605215426562709,-0.3558427186218299
869,0.2893213201637122,0.4605215426562709,0.8362883198916129
870,0.2893213201637122,0.4605215426562709,0.7683990187153256
871,0.2893213201637122,0.4605215426562709,-0.10748855217677064
872,0.2893213201637122,0.4605215426562709,0.020867939908725302
873,0.2893213201637122,0.4605215426562709,-0.02144252211278795
874,0.2893213201637122,0.4605215426562709,-0.3987961229084128
875,0.2893213201637122,0.4605215426562709,-0.03124302154101393
876,0.2893213201637122,-0.4170132629367734,-0.05744556886757932
877,0.2893213201637122,0.4605215426562709,-0.36426059883990186
878,-0.6469936318224137,0.4605215426562709,0.8338577064057913
879,0.2893213201637122,0.4605215426562709,-0.02687812109534326
880,0.2893213201637122,-0.4170132629367734,-0.3976463663518684
881,0.2893213201637122,0.4605215426562709,-0.2672229147601513
882,0.2893213201637122,-1.2945480685298172,-0.3742519503885623
883,0.2893213201637122,0.4605215426562709,9.920215814229568e-16
884,0.2893213201637122,0.4605215426562709,-0.1268291822029836
885,0.2893213201637122,0.4605215426562709,-0.3626978821326109
886,-1.5833085838085394,-0.02212308306452894,-0.12338713395943927
887,0.2893213201637122,0.4605215426562709,0.174424067746893
888,0.2893213201637122,0.4605215426562709,0.13612609529158773
889,-3.455938487780791,0.4605215426562709,-0.24005284120333795
890,0.2893213201637122,0.4605215426562709,0.508515272918806
891,0.2893213201637122,0.4605215426562709,0.5235950541659581
892,0.2893213201637122,0.4605215426562709,-0.3747651890908443
893,0.2893213201637122,0.4605215426562709,-0.372554739385684
894,0.2893213201637122,0.4605215426562709,0.16349385862799992
895,0.2893213201637122,-3.4883899089586845,-0.3888040409318443
896,-5.328568391753043,0.4605215426562709,-0.3492820761477696
897,0.2893213201637122,0.4605215426562709,0.3540913789353524
898,0.2893213201637122,0.4605215426562709,8.470260742359962
899,0.2893213201637122,0.4605215426562709,-0.3891697855516576
900,0.2893213201637122,0.4605215426562709,-0.2858802205831213
901,0.2893213201637122,-0.8557806657332955,-0.4012099756914925
902,0.2893213201637122,-0.8557806657332955,-0.3816522698105344
903,0.2893213201637122,0.4605215426562709,-0.3417053804970773
904,0.2893213201637122,0.4605215426562709,1.9399708076107292
905,0.2893213201637122,0.4605215426562709,-0.262298825241365
906,-3.455938487780791,0.4605215426562709,-0.3916191944673721
907,0.2893213201637122,0.4605215426562709,-0.3547547958120905
908,-1.5833085838085394,0.4605215426562709,-0.3380457699551497
909,0.2893213201637122,0.4605215426562709,-0.3001904952666889
910,0.2893213201637122,-1.7333154713263392,-0.4231800755329163
911,0.2893213201637122,0.4605215426562709,-0.3541183892756513
912,-0.6469936318224137,-4.365924714551729,9.920215814229568e-16
913,0.2893213201637122,0.4605215426562709,-0.2562818188598145
914,0.2893213201637122,0.4605215426562709,-0.37112229350460796
915,0.2893213201637122,-3.4883899089586845,-0.06996280416815631
916,0.2893213201637122,0.4605215426562709,-0.24926099257126536
917,0.2893213201637122,0.4605215426562709,-0.3717880325415969
918,0.2893213201637122,0.4605215426562709,-0.12842212144510892
919,0.2893213201637122,-1.2945480685298172,-0.4155561094548301
920,0.2893213201637122,0.4605215426562709,0.01030387442558707
921,0.2893213201637122,0.4605215426562709,-0.3078752149528853
922,0.2893213201637122,0.4605215426562709,-0.15901648729022375
923,0.2893213201637122,0.4605215426562709,0.627971638185834
924,0.2893213201637122,-3.4883899089586845,9.920215814229568e-16
925,0.2893213201637122,-2.1720877005691186,-0.4193988454403443
926,0.2893213201637122,0.4605215426562709,-0.18927149643091748
927,0.2893213201637122,0.4605215426562709,-0.252171595294686
928,0.2893213201637122,0.4605215426562709,0.048179195979925024
929,0.2893213201637122,0.4605215426562709,-0.34737161628507984
930,0.2893213201637122,0.4605215426562709,-0.3846740597238584
931,0.2893213201637122,0.4605215426562709,-0.264611439293147
932,0.2893213201637122,0.4605215426562709,-0.3733905918801648
933,0.2893213201637122,0.4605215426562709,-0.2573910618283399
934,0.2893213201637122,0.4605215426562709,-0.37077278959606136
935,0.2893213201637122,0.4605215426562709,-0.15861882190339735
936,0.2893213201637122,-0.4170132629367734,-0.35411839486695745
937,-4.392253439766917,-0.9184617232756556,0.31198063074627713
938,0.2893213201637122,0.4605215426562709,0.5807915739243122
939,0.2893213201637122,-0.4170132629367734,-0.3257969366668986
940,0.2893213201637122,0.4605215426562709,-0.37794736867190304
941,0.2893213201637122,-0.8557806657332955,0.13146168941388245
942,0.2893213201637122,0.4605215426562709,-0.33580430374967657
943,0.2893213201637122,0.4605215426562709,-0.2119293101592405
944,0.2893213201637122,-3.4883899089586845,-0.3919390187060849
945,0.2893213201637122,0.4605215426562709,-0.0035597799356966945
946,0.2893213201637122,0.4605215426562709,-0.3471800799920884
947,0.2893213201637122,0.4605215426562709,0.312818733995648
948,0.2893213201637122,0.4605215426562709,-0.3036172065573665
949,-5.328568391753043,0.4605215426562709,-0.3002992187237667
950,-1.5833085838085394,0.4605215426562709,-0.1492783233014578
951,0.2893213201637122,-0.4170132629367734,-0.3762111242522431
952,0.2893213201637122,-3.4883899089586845,-0.07518768969410508
953,0.2893213201637122,0.4605215426562709,-0.13697963996045892
954,0.2893213201637122,0.4605215426562709,-0.3131328162279266
955,0.2893213201637122,0.4605215426562709,-0.1983353392360002
956,0.2893213201637122,0.4605215426562709,0.07922610893188044
957,0.2893213201637122,0.4605215426562709,0.2993224320088562
958,0.2893213201637122,0.4605215426562709,-0.3597185612395692
959,0.2893213201637122,0.4605215426562709,-0.3660519399907137
960,0.2893213201637122,0.4605215426562709,0.008546361185497914
961,0.2893213201637122,0.4605215426562709,0.8516757434462011
962,0.2893213201637122,0.4605215426562709,0.18515811046297248
963,-0.6469936318224137,0.021754139859748795,-0.3522580915622545
964,0.2893213201637122,0.4605215426562709,0.4485660590897216
965,0.2893213201637122,0.4605215426562709,-0.021099713539248124
966,0.2893213201637122,0.4605215426562709,1.0250774542053973
967,0.2893213201637122,-1.7333154713263392,-0.4341448307912269
968,0.2893213201637122,0.4605215426562709,-0.2342505836765583
969,0.2893213201637122,-3.0496225061621627,-0.4419032113617123
970,0.2893213201637122,0.4605215426562709,0.5421476404153796
971,0.2893213201637122,0.4605215426562709,-0.09867953264279193
972,0.2893213201637122,0.4605215426562709,-0.3597397243334813
973,0.2893213201637122,0.4605215426562709,0.08340898084657787
974,-3.455938487780791,0.4605215426562709,-0.0948573914711611
975,0.2893213201637122,0.4605215426562709,-0.22496860216025455
976,0.2893213201637122,0.4605215426562709,0.052529655606620214
977,0.2893213201637122,0.4605215426562709,-0.2515248585659187
978,0.2893213201637122,0.4605215426562709,-0.3736922657223984
979,0.2893213201637122,0.4605215426562709,0.2114027323685838
980,0.2893213201637122,0.4605215426562709,-0.28734328191536623
981,0.2893213201637122,-1.7333154713263392,-0.4212225033243075
982,-0.6469936318224137,0.021754139859748795,0.21093982304647976
983,-0.6469936318224137,0.021754139859748795,-0.2682248061748165
984,0.2893213201637122,-0.4170132629367734,-0.389189535061706
985,0.2893213201637122,0.4605215426562709,-0.2497330208054573
986,0.2893213201637122,0.4605215426562709,-0.37119234850470795
987,0.2893213201637122,0.4605215426562709,0.039339255506139384
988,0.2893213201637122,0.4605215426562709,-0.3584383127460651
989,0.2893213201637122,0.4605215426562709,-0.1333029123970952
990,0.2893213201637122,-0.8557806657332955,-0.3923084149571379
991,-4.392253439766917,-0.2289700903096924,-0.3268782185297913
992,0.2893213201637122,0.4605215426562709,-0.09541242112077533
993,0.2893213201637122,0.4605215426562709,-0.3648733414436624
994,0.2893213201637122,0.4605215426562709,-0.2274738138366021
995,0.2893213201637122,0.4605215426562709,0.1237528396833916
996,0.2893213201637122,0.4605215426562709,0.21343817368183726
997,0.2893213201637122,0.4605215426562709,-0.3671353170685245
998,0.2893213201637122,0.4605215426562709,-0.27283870476714706
999,0.2893213201637122,-1.7333154713263392,-0.3804747087049306
